Time,MeanTimeInSystem
0.0,0.0
2.0,0.0
869.8544216935212,106.26906004419332
871.8544216935212,106.26906004419332
4051.3841532927286,328.0624457154162
6743.555120407466,533.6136747079335
2983.5959500632903,250.33929163196126
5032.790712707752,401.8904740547902
966.4146430847379,113.3929742607458
2779.3577583704614,234.3220729137204
7975.1010704432665,634.5372110886743
6736.369961151192,533.6136747079335
8875.37538060966,707.1501449210358
7688.718265572627,609.7301291740134
5354.480980652227,425.0840929579687
4604.288453691857,368.6005315665331
3850.667521184394,313.3400813022163
2906.743302092868,244.78467071903464
5191.798707891134,413.89840384384064
7306.199392289342,581.3437558081148
6172.309741580818,489.50386470039973
740.1194449523424,96.00257738864784
742.1194449523424,96.00257738864784
5000.177224238912,397.6912374376294
9261.66536377211,739.9009274444916
3975.2654946242546,321.2668253249635
8936.000611104486,711.6585420623758
3733.8176970111695,305.71735543732973
4124.460141459294,332.1184279375308
4234.346218283057,342.46095948210865
2686.325154884556,227.9621105845486
8080.571763414672,643.2088848427736
5329.988065183325,423.63433371789233
7565.46728379327,602.2292805047398
2497.2005890348732,213.2229617836743
2601.6792714235758,222.86148312028243
5681.538411040851,450.47254245903144
3430.0433858551705,283.20747303464543
5045.077672479617,401.8904740547902
2117.815967006298,186.82889199673434
9286.653801543835,741.3637366434062
2216.8792453721594,194.03020103447142
9932.240769687767,794.3385923495987
5734.098779026297,454.77534356987246
3559.720625953106,292.97401321992123
7003.384975598733,556.5522469895897
1186.8390794543163,124.60553387835311
7746.017883518457,615.6988602165708
2508.6679697122327,213.2229617836743
3526.6850066786383,291.81245000075046
7912.888081297574,630.2748807664635
3182.5112922738626,265.46411857378007
6644.100546932201,527.9180522436436
4895.729867787976,390.80644819609506
9576.06592060091,765.2484213154792
9895.935748341471,789.720496645365
1419.7947082282103,138.1421981061515
7262.287377279047,576.963178381247
757.4805270267451,96.00257738864784
2271.109045540231,197.771369443679
2560.19264456105,217.5821695596971
4335.743829255213,347.84939992029774
873.8250428200254,107.27280467842436
5370.579039439941,426.5376005646479
3690.9553222885797,301.7848096237166
4032.8868419343084,326.7626745868175
1660.8493179613747,154.15954988644663
4802.3488474293945,383.9552209107115
2216.9222198478215,194.03020103447142
6303.0825310794435,501.79194950057706
719.8823965925851,94.36114053250267
4935.343106203327,394.85459874921276
2016.1876560566461,179.20414403050387
2695.435198626985,229.3433652356833
6358.803048581492,504.5174758456448
1708.5246616016439,156.9635590033954
5436.376472472408,430.70396810035186
4712.5576701601385,375.2997792877865
9346.98122200816,745.7684015110353
2061.579141422897,181.59735340154924
6795.293190424793,539.2994784667974
5497.798385149577,437.82695651129
2790.252905502959,234.3220729137204
2867.0858688821445,239.51085148119765
5746.617272442011,454.77534356987246
7796.419868564411,620.1292704066528
9509.950835022313,757.691975984929
3496.9702425210753,289.44845326916334
397.8977204244384,67.46465319671061
8262.153736784538,655.9659684062296
400.8977204244384,69.35215934940722
6269.085468719823,497.72451943144785
9154.68885012585,728.009109645556
9420.528947086363,751.6845571003175
8073.056016586302,643.2088848427736
2139.004000571834,189.3767672544849
3156.006844339098,264.18232131287556
6365.500436362112,505.90438981385347
6466.4699965090995,514.1918022140169
5932.700407896492,470.0975123336176
6967.689156747242,552.2505785630683
8986.65159370488,714.6622338531574
5212.950970083041,415.2515911260067
8257.945469061719,655.9659684062296
6036.055229009915,481.21122064680344
3701.7089752244847,303.13237052021174
2854.177570524493,239.51085148119765
3743.1148254876425,305.71735543732973
4392.023626790491,352.0307474918868
2113.8457204310657,186.82889199673434
5529.394960248233,437.82695651129
4594.839902788654,367.1610947652855
5784.32991284444,460.51104003069366
7843.868041583374,624.5231663505931
1985.2883312733234,176.78824337744186
9975.955512980792,795.8750101360657
1943.5463830670951,174.06274014534222
419.84146282187504,69.35215934940722
422.84146282187504,71.22377593620806
5890.05862694983,468.6922574327519
2968.246583120928,247.56411416530014
7441.052928216226,590.2597561204462
6890.3110673930905,546.4813780267027
3870.7972000212644,314.61246780344766
9882.538565845678,788.1699383105656
8683.943848180566,689.4497728898124
1310.4395059973615,132.80942368806458
1614.4749881203163,148.8386204897214
6953.836230306554,550.7838931664703
5617.605282538144,446.28127873421124
6482.848037651346,515.5491696628147
9379.502129742921,750.2076447661403
8065.745504642071,641.7566758663733
1085.0648194004316,119.67187644897092
1146.7326515115917,123.89850000839567
9636.522357291891,769.7715232858803
4138.74058214857,334.7816405538408
2122.878229322259,186.82889199673434
4719.8618680194295,375.2997792877865
6775.781038766191,536.4648248554279
9510.559796029713,757.691975984929
3927.408946307369,318.62980063119335
7811.142428403081,620.1292704066528
7395.01908354135,585.8387380204953
1503.2938396861487,142.3693622963346
3594.295380533765,295.4325203810869
7443.731360337121,591.768562288054
93.16461682191152,33.16897946900161
95.16461682191152,33.16897946900161
3427.5140607251865,283.20747303464543
7320.248664710682,581.3437558081148
7500.4073860622775,596.2995621330746
616.9081033411378,86.36970503289074
5271.77060671196,419.4531148189605
1172.720325734443,124.60553387835311
1682.8946597712504,154.15954988644663
1981.5951587580673,176.78824337744186
2875.458959882436,240.8932892565536
1091.5342788560256,120.51104881430385
3712.8722940642965,303.13237052021174
880.4249010556493,107.27280467842436
882.4249010556493,108.74461095824705
8756.797539084408,696.8060046536582
948.5165471264288,111.09189878708828
4336.616240564926,347.84939992029774
5084.504462903681,405.9266656220014
7975.688825112023,635.9966440775952
9423.528947086363,751.6845571003175
3505.9313926862,290.6277879864891
7069.502387195901,559.5183970859244
4740.057376445648,376.7296474014529
6502.710581764513,516.8990602989439
2327.141327215797,202.5887354604703
2523.4193735289678,214.67820904180377
9398.949530050477,751.6845571003175
8953.57047169287,711.6585420623758
1328.190538234836,132.80942368806458
3524.369841017171,291.81245000075046
6343.1348701157685,501.79194950057706
7949.31625629471,633.1350529300183
1832.570921496277,164.4183601286071
5422.471436507983,430.70396810035186
7109.367374906461,563.9160663097183
7294.676806188196,578.4054812366309
9972.955512980792,795.8750101360657
4840.486844366453,386.6343418945374
242.5308021674097,57.220013607115376
245.5308021674097,57.220013607115376
240.9467979739735,57.220013607115376
238.9467979739735,57.220013607115376
3617.2105053407918,296.7187163802387
3672.998304266697,299.2129346645873
9934.240769687767,794.3385923495987
8474.38489409209,674.9185240634739
4664.052632026558,373.9558002123603
3605.0176038081663,295.4325203810869
9633.412590980037,768.2814580847198
1068.5464378398956,118.34400531489635
3480.883592533656,288.2657264693281
4170.741975313358,337.34257242630014
4294.079287520564,346.489610030638
2722.01577189642,229.3433652356833
1242.66808059568,127.74272398806498
6396.87144617974,505.90438981385347
8680.943848180566,689.4497728898124
2818.348151634181,236.9146625215162
4533.128765743712,363.13243784031295
1926.8777839645984,172.71020836623225
9370.648653661734,748.7378051138096
2204.220046468129,192.91378879498046
7864.272350218398,625.9347812057816
8348.074969131056,666.1517755489745
1681.736558454773,154.15954988644663
9695.195946243957,774.338921867666
267.5272658933988,59.23617340574771
270.5272658933988,60.89012529553755
9578.06592060091,765.2484213154792
1191.8355179929986,124.60553387835311
1920.4668969266438,171.34165618742355
8007.1204537155445,637.4464997584455
7021.945553556991,556.5522469895897
7790.73130010653,618.6328989833469
1225.1688311877258,125.78406928848393
5986.560423874455,475.63691177941035
9619.44585646398,768.2814580847198
2199.5266863320808,192.91378879498046
1357.0722994551427,135.64860535431438
7640.370692427326,606.7322113940386
7129.142283030866,566.7986495924209
1740.206311718693,160.68862230215785
1882.9279532564815,168.60501790350295
6757.179765876792,533.6136747079335
2885.6725204789623,242.15780766054002
3211.4411953579856,266.9245560341363
1535.6730177796446,145.939748813618
3939.795206934577,319.99449881959504
8027.436331710258,638.9003892462131
2316.331454338166,201.395319099918
9247.437644658014,736.9234856111275
9565.507447486534,765.2484213154792
5636.760529005889,447.65960354605613
4557.028337194852,365.82350114106487
7586.095938670513,602.2292805047398
5002.312582373163,397.6912374376294
2130.3362300623967,189.3767672544849
5286.4407379970635,419.4531148189605
7964.078755379761,634.5372110886743
7012.910753913901,556.5522469895897
9525.931265849673,760.7240670811367
8260.153736784538,655.9659684062296
9899.713170490053,789.720496645365
581.1936757768699,83.51002215872028
9993.489910692231,798.9302464029838
3959.69910826346,321.2668253249635
4375.692966107436,352.0307474918868
4718.760851578963,375.2997792877865
9445.76132254337,754.7119057387921
2649.897731321109,225.38545392524642
7349.861866684558,582.8414256691361
1868.3752489370384,167.21031751692718
4579.879172191871,365.82350114106487
4410.432096345027,353.43055610996504
5557.631209489535,442.1620512172627
7359.567914470191,582.8414256691361
7634.626531967868,606.7322113940386
3253.436710546179,270.87441325172705
4502.819689125031,361.7905455717102
7703.138509330199,612.6999878937435
4122.407378655522,332.1184279375308
9414.984889121153,751.6845571003175
3203.397785842108,265.46411857378007
6767.672795259156,536.4648248554279
405.48202634194126,69.35215934940722
407.48202634194126,69.35215934940722
8939.000611104486,711.6585420623758
2510.0250750104506,213.2229617836743
638.3293485605094,89.21665251541174
8277.063368696534,657.4305806319187
5949.390487654728,472.8590864771286
571.7105233029671,82.36963370872924
573.7105233029671,82.36963370872924
7428.092059371106,588.7842993081207
3799.974670641932,309.5691365982843
4805.232571459824,385.2927174253105
3651.404484113593,299.2129346645873
8589.88389999617,685.0487705891234
1280.254742817688,130.86182295556856
3544.325980889528,292.97401321992123
9582.642379022831,765.2484213154792
8426.762262652512,672.0291014550089
9368.355316522691,748.7378051138096
6594.5794824798095,523.7533003400149
5117.0200776084685,408.6065786807329
9207.623189560183,732.4305116126967
8549.450212919772,682.1791480888689
6516.46979177399,516.8990602989439
687.339395422925,91.85565559931501
4440.368131772801,356.29061574278256
6212.572184864283,492.2314908721538
9294.156672565168,741.3637366434062
3631.6485584119728,297.91047544758703
3460.5039377543444,285.78006343814167
3341.9936956985853,277.1229172528375
3135.7120841974706,260.012553699447
1045.7353251827092,118.34400531489635
5015.874583453418,400.4656014081626
3002.363636221188,250.33929163196126
3339.3297233588896,277.1229172528375
1622.4008622925867,150.3144025839237
1855.7528476093544,167.21031751692718
9917.91909621426,792.7887487251762
5868.763318782076,465.95546853415453
3352.977663014171,278.292580658408
7915.93840089106,630.2748807664635
3364.6784478991276,280.7838288994034
7547.722674465701,599.2560790208261
6179.66006534383,490.8463616672042
9508.559796029713,757.691975984929
124.41319403156615,42.17664797488508
126.41319403156615,42.17664797488508
601.3348969260027,86.36970503289074
603.3348969260027,86.36970503289074
5962.314792095972,474.27167400203064
5662.931473283736,450.47254245903144
209.50124149089993,52.8675340270301
3986.095978859961,322.6388748616113
5419.933322196038,430.70396810035186
206.50124149089993,52.8675340270301
1865.3798449823498,167.21031751692718
1029.2979017548203,117.5193302249025
3369.090150199289,280.7838288994034
5322.865851794348,423.63433371789233
2774.6848685568066,234.3220729137204
7835.9977743226555,624.5231663505931
4413.954436721579,353.43055610996504
6727.938031659554,532.1672630956502
6966.829160281527,552.2505785630683
8624.912717250474,686.4944845238751
7724.640253888979,612.6999878937435
2059.679013677135,181.59735340154924
8740.47317059517,696.8060046536582
4825.550990840073,385.2927174253105
6741.555120407466,533.6136747079335
6861.405135864656,543.5923460302934
1161.3457402874644,123.89850000839567
7973.1010704432665,634.5372110886743
8754.797539084408,696.8060046536582
4339.616240564926,349.2914437937349
9473.61771199255,757.691975984929
4606.288453691857,368.6005315665331
2157.4630770366857,190.59121546520197
2573.5365367584527,219.00409360339972
5212.021340446594,415.2515911260067
7972.688825112023,634.5372110886743
2345.0896454815056,202.5887354604703
7816.785492288971,621.6119380986655
9442.76132254337,753.1813973029808
4743.057376445648,378.1885472113164
9842.759780196362,788.1699383105656
1484.1581075678605,142.3693622963346
4516.4001953429,363.13243784031295
5002.177224238912,397.6912374376294
8727.043074672161,695.3505848736781
2631.527385550661,224.04887844425744
4109.934400520203,332.1184279375308
8260.945469061719,655.9659684062296
627.4943653181142,86.36970503289074
629.4943653181142,86.36970503289074
6919.429650561978,549.3687973815167
2631.831794194618,224.04887844425744
6054.744697228151,482.571794530996
4332.043418274237,347.84939992029774
6582.970753988074,522.3710731890262
8082.571763414672,643.2088848427736
2017.2017515581992,179.20414403050387
6340.1348701157685,501.79194950057706
1694.129482636063,155.55985371666074
1816.853708835516,162.9994715381425
8638.468238384905,686.4944845238751
9498.887552658482,757.691975984929
5047.077672479617,401.8904740547902
3767.7382911886825,306.98203272019055
6432.068052398378,511.4665508352219
3779.8215954598404,308.32129446397454
5021.9757241025745,400.4656014081626
893.9239917474362,109.66420148552965
5855.3394771949725,464.5448484648413
9978.461406439963,797.4167277935541
5791.258023846995,460.51104003069366
4963.195262178188,394.85459874921276
2546.0909554091627,216.1457994120978
8002.091962902354,635.9966440775952
823.4970102238375,102.4382523124712
825.4970102238375,102.4382523124712
6399.87144617974,505.90438981385347
6044.359524367243,481.21122064680344
9372.648653661734,748.7378051138096
7867.272350218398,627.4113978417013
1721.709829872109,158.13311791760904
62.465794412767025,21.667768262558383
1341.0811290930183,133.65242442632982
60.465794412767025,21.667768262558383
7527.992172992341,597.7498180401171
8500.866429723734,676.4083243898701
8004.1204537155445,635.9966440775952
8814.183303484671,702.7718110698177
5383.292990711734,426.5376005646479
5589.730344720346,444.9075928463077
6953.999066016153,552.2505785630683
3837.357647885324,313.3400813022163
7260.287377279047,576.963178381247
9992.368179361352,798.9302464029838
8423.708715054352,670.5364458356986
9831.612958351177,785.1021244891848
2224.4442613893275,194.03020103447142
9174.500344255322,732.4305116126967
3247.560281576691,270.87441325172705
7143.276585406591,566.7986495924209
7643.370692427326,608.2560268088248
455.33907341350647,74.88538031810917
841.776782021558,106.26906004419332
8053.538315469469,640.3656542001484
2954.0865641018454,246.08104619600908
8454.350962578204,673.4810742595297
1390.033212772122,137.28007747378132
6837.799820566091,540.6866522589605
8024.436331710258,637.4464997584455
3355.273012026725,278.292580658408
5438.376472472408,430.70396810035186
5968.444994302843,474.27167400203064
651.498566206814,89.21665251541174
9080.09457364134,725.0434799743119
3227.794243982365,269.66280740050433
2886.648368709903,243.50346773335687
1701.6227918058457,155.55985371666074
730.0877012251308,96.00257738864784
6793.293190424793,539.2994784667974
9716.322110944688,775.8558634008886
263.69364314806313,59.23617340574771
266.69364314806313,59.23617340574771
1563.905491989383,145.939748813618
842.8654805763505,106.26906004419332
844.8654805763505,106.26906004419332
2103.8024482958913,185.62850482884593
5545.284567695579,440.6994812424272
5640.627491629172,449.10398355974075
8995.768493904596,716.1714805206105
1629.335576103423,151.52279756007368
3094.1945104273673,258.5569119618848
8820.009037330965,702.7718110698177
536.4332323499236,81.11250325191254
1779.7749382893346,162.9994715381425
7356.567914470191,582.8414256691361
6965.689156747242,552.2505785630683
5214.950970083041,415.2515911260067
2642.848448358523,224.04887844425744
1737.8609931989042,159.49573445097295
8904.694567502322,707.1501449210358
4394.023626790491,352.0307474918868
4278.028069889995,345.16539105207966
9461.9858454134,756.2043772174394
809.7445822984525,100.7938615154618
1130.0374430025363,123.14273307518646
1804.1324566872822,162.9994715381425
5531.394960248233,437.82695651129
8180.5142595097595,653.1536557892839
8676.5672865943,689.4497728898124
7169.077354378648,569.7271828622352
122.11522482295683,42.17664797488508
119.11522482295683,38.28209148782413
4197.102228853082,338.6216511154154
1074.0373670818258,118.34400531489635
8477.38489409209,674.9185240634739
9272.613180325605,739.9009274444916
1163.210868603751,124.60553387835311
4964.681708027309,394.85459874921276
6215.572184864283,492.2314908721538
8926.642169088034,710.135188556036
3020.443167900249,251.82369312814708
9045.102244361684,719.1128673089136
1642.0254883079222,153.01405816743497
206.28725276950843,52.8675340270301
5389.7618219800015,429.3416039148322
7237.220593456086,574.0446957754081
208.28725276950843,52.8675340270301
4908.415719219157,392.13535496093067
2675.8584012879987,226.7784317197613
9049.773048474319,720.6183018022485
3038.1646508149806,251.82369312814708
669.1357610734025,89.21665251541174
2741.455418307802,233.1524006729641
2536.489237518973,216.1457994120978
7669.9760810862845,609.7301291740134
1511.958882965659,142.3693622963346
2365.304431880666,203.95356134621548
5762.486574020284,456.2573905448161
2023.0993940696128,181.59735340154924
4097.638769188337,332.1184279375308
160.57546587130864,42.17664797488508
163.57546587130864,46.21010527124394
2578.166924730083,220.23672931095902
8198.77168982846,654.555471157464
7393.01908354135,585.8387380204953
4992.895387517924,397.6912374376294
7950.286786975071,633.1350529300183
7322.248664710682,581.3437558081148
670.9177250281532,89.21665251541174
7346.367629274004,582.8414256691361
7832.9977743226555,623.0315847686503
1295.823587187992,131.83151450844687
437.30042589568126,72.21540077806553
6986.009301478467,553.6739079336725
9349.98122200816,745.7684015110353
1437.4280300733892,138.1421981061515
2327.7178717386155,202.5887354604703
5480.646586421334,434.97570706320215
8877.37538060966,707.1501449210358
3448.0641991660455,284.5732216297176
7517.4918130845135,597.7498180401171
8662.100552703327,689.4497728898124
328.51722213558304,61.99581699431871
330.51722213558304,61.99581699431871
1224.457671324112,125.78406928848393
2384.8190418178547,203.95356134621548
3041.9576261022203,254.56374039282832
1575.6407880349814,145.939748813618
3111.2414148439966,258.5569119618848
3148.816324783406,262.7514243320267
9902.713170490053,791.2739373321776
8992.768493904596,714.6622338531574
9996.489910692231,800.4704125679968
7402.6282153119655,588.7842993081207
5673.250012284653,450.47254245903144
6449.060312428054,512.8265055175101
3039.565761717867,253.29890829115584
8725.043074672161,695.3505848736781
9259.66536377211,739.9009274444916
519.7775851326028,78.01389200478346
8989.65159370488,714.6622338531574
2420.3763229891374,209.16168911931587
8321.889475282864,663.280156249109
3207.2867039413845,265.46411857378007
1202.2637704677984,124.60553387835311
4127.460141459294,334.7816405538408
8583.147812960664,683.6087476433332
4259.139259261724,342.46095948210865
5085.365626180408,405.9266656220014
707.0369227376581,93.33566746204315
6562.6366198269425,521.0015213608045
116.29430438270975,38.28209148782413
7365.300113436528,584.3381223590789
7292.676806188196,578.4054812366309
7753.2035424601945,615.6988602165708
9496.887552658482,757.691975984929
9861.396056294763,788.1699383105656
4666.052632026558,373.9558002123603
5117.271044913102,409.9150721438107
7071.561009057388,559.5183970859244
1440.5692252658428,139.1454664095941
2797.9664409152865,235.5725943166935
4292.079287520564,346.489610030638
1105.0485589764191,122.45345336619548
5153.821305931367,412.5508816545525
6164.046338698637,489.50386470039973
3315.270075405274,275.78672891331644
2650.892095562839,225.38545392524642
2078.601314990006,182.89246794243005
1941.4560377996863,172.71020836623225
4535.128765743712,363.13243784031295
5050.987219639921,403.22946419128345
3762.0168428672805,305.71735543732973
2366.315058061856,203.95356134621548
6624.898459118436,526.524660277349
3584.403872204409,295.4325203810869
4125.169451221807,333.4113571111692
6617.4334354175035,525.137042195499
4792.403005838602,382.4884295690691
2737.8723899770607,231.86782078358215
4892.729867787976,389.38231471114557
8502.866429723734,676.4083243898701
689.2792582703441,91.85565559931501
691.2792582703441,93.33566746204315
5795.925150347555,461.85482434161196
7023.945553556991,556.5522469895897
5249.207427195056,416.665562158289
2943.6004780043318,246.08104619600908
564.4419367575974,82.36963370872924
9172.500344255322,730.9486635808482
9455.690304398338,756.2043772174394
1558.4436883057956,145.939748813618
8157.711162697693,650.3454304436995
6759.179765876792,533.6136747079335
8452.350962578204,673.4810742595297
9185.923183505272,732.4305116126967
5496.734899482032,436.37901779048843
9695.228888832087,774.338921867666
5722.034028455575,454.77534356987246
1549.3083848264007,145.939748813618
9383.726996055959,750.2076447661403
2285.707583505679,198.9331934991941
7050.419239549457,558.0321410874848
2075.7576726145408,182.89246794243005
3614.113952468254,295.4325203810869
547.7332838176868,82.36963370872924
3932.3914128053775,319.99449881959504
1987.589031558848,176.78824337744186
6249.6722671657835,496.38520555277853
3061.4088612757205,257.2650968812503
4427.008017407104,356.29061574278256
4845.012324424825,386.6343418945374
7770.161938335231,618.6328989833469
9933.155306043494,794.3385923495987
4373.692966107436,352.0307474918868
8822.009037330965,702.7718110698177
8544.31398970058,680.7491234620907
4082.6052699652455,329.44580925616214
4577.879172191871,365.82350114106487
5559.631209489535,442.1620512172627
6147.071359128839,488.08452932053314
7632.626531967868,605.2550313665596
8409.18790517119,669.0663780768413
1887.7631633592832,168.60501790350295
4500.819689125031,361.7905455717102
4120.407378655522,332.1184279375308
7323.843510760137,581.3437558081148
5951.390487654728,472.8590864771286
855.6029305053756,106.26906004419332
857.6029305053756,106.26906004419332
9463.9858454134,756.2043772174394
8678.5672865943,689.4497728898124
46.13426341906954,21.667768262558383
1057.0380570720567,118.34400531489635
44.13426341906954,21.667768262558383
7840.868041583374,624.5231663505931
3638.0877936292054,299.2129346645873
4228.970654285329,341.17807561376134
5898.358921925329,468.6922574327519
8646.506040225651,687.9522432289225
1956.0477220162923,174.06274014534222
4981.24606840508,396.2553028625812
2523.693227901441,214.67820904180377
9168.885432324678,730.9486635808482
4442.368131772801,356.29061574278256
2456.964437787453,210.41184412710936
4422.981436050244,354.9073516421575
4646.611916300706,372.5925775225126
9884.538565845678,789.720496645365
9949.374677781401,794.3385923495987
9047.102244361684,719.1128673089136
8408.247210657008,669.0663780768413
4272.811243246788,343.78207849921154
2443.720804988566,209.16168911931587
2996.2626218550918,250.33929163196126
1329.1907907422367,132.80942368806458
9526.803607779031,760.7240670811367
5064.301058987404,405.9266656220014
4325.872397248607,346.489610030638
5455.840651521562,433.5225258739788
4716.8618680194295,375.2997792877865
6112.375295389538,485.3011089482747
2806.1395563386504,236.9146625215162
7725.253284441576,612.6999878937435
9622.44585646398,768.2814580847198
360.5823448144656,63.56988436819859
362.5823448144656,63.56988436819859
7440.731360337121,590.2597561204462
19.63186701702527,19.63186701702527
2150.4134220317424,190.59121546520197
5417.933322196038,430.70396810035186
8023.693764857582,637.4464997584455
1685.4382938131878,154.15954988644663
4965.010349553079,394.85459874921276
5016.164355451327,400.4656014081626
5320.865851794348,423.63433371789233
1960.7594768686763,174.06274014534222
5268.77060671196,419.4531148189605
7202.946502983497,571.1455477801004
170.15957137560986,46.21010527124394
172.15957137560986,46.21010527124394
6725.938031659554,532.1672630956502
6897.54719759708,546.4813780267027
740.7909018476913,96.00257738864784
7726.640253888979,612.6999878937435
7381.644390903452,584.3381223590789
9919.322532670725,792.7887487251762
8615.355926517595,686.4944845238751
2166.8046619470224,191.7701066659623
1853.0583569557232,165.79797606426692
4810.833964791347,385.2927174253105
174.09985256213508,46.21010527124394
1055.827359428432,118.34400531489635
2957.7298216825507,246.08104619600908
177.09985256213508,46.21010527124394
1968.9973691344042,175.44284527071989
5462.136680249122,433.5225258739788
1705.8991536111955,156.9635590033954
5081.504462903681,405.9266656220014
1354.9798524510763,134.83674111359323
4156.1466309877815,336.06428719029634
4312.9605633828705,346.489610030638
3152.7961804589563,262.7514243320267
4574.571616105585,365.82350114106487
2904.743302092868,244.78467071903464
5533.145523769899,437.82695651129
5852.748569725626,464.5448484648413
3973.2654946242546,321.2668253249635
7713.904703680383,612.6999878937435
2628.527385550661,224.04887844425744
8585.147812960664,683.6087476433332
9298.060840206426,741.3637366434062
1971.7952976046302,175.44284527071989
2294.707997119924,200.24322273429786
189.7897179203831,49.74098702089263
191.7897179203831,49.74098702089263
1023.9523248837721,117.5193302249025
4470.384183126311,359.0792093978373
2085.5709052889256,184.25803183814887
9099.539232718162,726.5062314179485
5419.471436507983,430.70396810035186
6913.953607293519,547.9091209092722
5307.544000416196,422.2275246843118
7362.300113436528,582.8414256691361
2603.6792714235758,222.86148312028243
3428.0433858551705,283.20747303464543
2119.815967006298,186.82889199673434
2289.1846903219684,198.9331934991941
8492.458529571004,674.9185240634739
1257.2088489362511,128.8235213549405
7251.714648996489,575.4782968689946
6759.99393522412,535.0719196398677
5336.350582835125,423.63433371789233
6469.720977217124,514.1918022140169
2167.5268465305244,191.7701066659623
4515.80318729826,361.7905455717102
8004.091962902354,635.9966440775952
5053.987219639921,404.6231243200625
9726.036423386102,777.4059786627159
8276.166510432344,657.4305806319187
1183.8390794543163,124.60553387835311
6042.359524367243,481.21122064680344
8443.061793022725,673.4810742595297
214.92274078748633,52.8675340270301
217.92274078748633,55.190167801885835
2510.6679697122327,213.2229617836743
5746.145201030453,454.77534356987246
3075.7780971305674,257.2650968812503
1239.6762909516626,127.74272398806498
5763.353155296256,456.2573905448161
9232.77750704886,735.451829049577
9529.803607779031,762.2521436470582
9870.306804496273,788.1699383105656
940.230892687899,111.09189878708828
942.230892687899,111.09189878708828
5587.730344720346,444.9075928463077
9608.481579991507,768.2814580847198
7761.868889684453,618.6328989833469
2562.19264456105,217.5821695596971
4068.0065369554845,329.44580925616214
2938.2625403175944,246.08104619600908
4564.050445033502,365.82350114106487
2920.5590097218915,246.08104619600908
2227.4442613893275,195.3566190870432
4370.717842046655,352.0307474918868
2218.9222198478215,194.03020103447142
8051.538315469469,640.3656542001484
9756.424516221523,777.4059786627159
7634.519550552367,606.7322113940386
7754.213951534471,617.1467611435868
7385.253674312791,585.8387380204953
1959.7541449697148,174.06274014534222
8704.69699403083,693.8908371561396
641.2419165115859,89.21665251541174
643.2419165115859,89.21665251541174
8332.016531712867,664.7056280496896
432.16399731808986,71.22377593620806
2677.737864411318,226.7784317197613
430.16399731808986,71.22377593620806
8890.753537324354,707.1501449210358
9385.726996055959,750.2076447661403
7766.669041165182,618.6328989833469
7961.19896075942,633.1350529300183
3224.794243982365,268.2202044167584
6858.977782879311,543.5923460302934
7669.850444098776,609.7301291740134
7053.419239549457,559.5183970859244
2063.579141422897,181.59735340154924
1816.5173177019278,162.9994715381425
1209.7412730838785,125.78406928848393
1499.8059466649545,142.3693622963346
3727.917549632825,304.3834070870243
5306.720543007134,420.8717390025252
8665.100552703327,689.4497728898124
2232.708832652465,195.3566190870432
2865.0858688821445,239.51085148119765
6346.4173286204,503.17942873762183
2100.8024482958913,184.25803183814887
3498.9702425210753,289.44845326916334
2044.5441913552552,181.59735340154924
5848.833119626073,464.5448484648413
7773.161938335231,618.6328989833469
9547.312084520032,763.7452818366304
9792.486408393257,782.0318104806797
3670.7376573858146,299.2129346645873
1597.4806141457498,147.40421624475044
8407.18790517119,669.0663780768413
6874.570458063625,543.5923460302934
901.0696883584721,109.66420148552965
903.0696883584721,109.66420148552965
6774.946998371878,536.4648248554279
7895.88221425824,628.8655754006895
9146.587417428062,728.009109645556
2966.840192530782,247.56411416530014
6663.928144956264,527.9180522436436
2867.3941980384525,239.51085148119765
3703.7089752244847,303.13237052021174
6491.635116139722,515.5491696628147
2852.177570524493,239.51085148119765
973.7697257697563,114.74739455264397
975.7697257697563,114.74739455264397
994.062200918079,115.55365229568842
996.062200918079,115.55365229568842
4195.102228853082,338.6216511154154
8441.924421695965,673.4810742595297
5978.254570634518,474.27167400203064
2970.246583120928,247.56411416530014
4962.681708027309,394.85459874921276
4760.690758856321,379.65510400695285
9975.461406439963,795.8750101360657
4751.748840088071,378.1885472113164
5699.793554921127,451.91697904076557
6144.621705259416,488.08452932053314
8151.5594540116335,650.3454304436995
8710.91802395449,693.8908371561396
3659.2042347252677,299.2129346645873
3941.900025699236,321.2668253249635
7463.9236413874505,591.768562288054
3190.057500201375,265.46411857378007
279.578953891423,60.89012529553755
281.578953891423,60.89012529553755
1611.4749881203163,148.8386204897214
6219.085824882604,492.2314908721538
7737.839827854963,614.20542453554
6678.084264092195,527.9180522436436
797.4629635990616,100.7938615154618
6454.306107781645,512.8265055175101
2672.8584012879987,225.38545392524642
3982.229721967837,322.6388748616113
2576.285044173439,220.23672931095902
6003.805616660805,477.04485724372086
9326.436973690015,745.7684015110353
8082.311142396436,643.2088848427736
4681.089468086637,375.2997792877865
4246.3621280915995,342.46095948210865
5552.223665518289,440.6994812424272
5764.486574020284,457.71511517301286
9331.109570300117,745.7684015110353
6736.05667937333,533.6136747079335
6990.641456308911,555.1355328045278
5572.852741907779,443.5407465035061
8056.836551093652,641.7566758663733
935.4859558391408,109.66420148552965
1346.3293022863588,133.65242442632982
8004.560715503005,635.9966440775952
1679.8946597712504,154.15954988644663
4768.3618506766325,379.65510400695285
7378.644390903452,584.3381223590789
8613.355926517595,686.4944845238751
13.982254653175552,0.0
6091.223667639487,483.93644992456046
6587.279647091416,523.7533003400149
7688.59091194234,609.7301291740134
96.10220488232719,33.16897946900161
99.10220488232719,33.16897946900161
808.5474449827808,100.7938615154618
6858.405135864656,542.1373490228494
3125.065141902047,260.012553699447
5144.284858998247,411.22812529336056
4256.116510143091,342.46095948210865
1001.9005090339526,115.55365229568842
7515.4918130845135,597.7498180401171
11.982254653175552,0.0
1580.1559740893215,145.939748813618
772.9530211397081,97.5811537064502
5884.944004726389,467.29173583991036
7213.65202543213,574.0446957754081
6200.317572854821,492.2314908721538
1921.3797705277461,171.34165618742355
2718.113005908484,229.3433652356833
3036.565761717867,251.82369312814708
4106.934400520203,332.1184279375308
7143.038447399892,566.7986495924209
1343.6934175130611,133.65242442632982
4261.139259261724,342.46095948210865
8291.328063507442,658.9006830456092
5083.365626180408,405.9266656220014
1325.190538234836,132.80942368806458
6564.6366198269425,521.0015213608045
9173.409425396158,732.4305116126967
1829.570921496277,164.4183601286071
9097.539232718162,725.0434799743119
4536.100722645742,364.4721625899959
1386.9086218403977,137.28007747378132
3619.2105053407918,296.7187163802387
293.89207988369907,62.22452471005465
295.89207988369907,62.22452471005465
8515.74166636672,677.8435835762723
3060.1399620609327,257.2650968812503
3607.0176038081663,295.4325203810869
5778.839828076271,459.0783639830931
6328.090361888545,501.79194950057706
473.8624142989592,75.78276171828992
5712.474235032446,453.3248687469827
9777.736513299533,782.0318104806797
1514.8635313864334,143.5264626654697
4291.766938753462,346.489610030638
2816.348151634181,236.9146625215162
618.0199541219138,86.36970503289074
620.0199541219138,86.36970503289074
2254.2223035293114,196.48886737345953
4987.675474428968,397.6912374376294
8405.247210657008,669.0663780768413
8441.061793022725,672.0291014550089
3694.3284859142855,301.7848096237166
8796.050496778093,699.7880096736284
9153.354693459181,728.009109645556
8039.893544282151,638.9003892462131
6377.78444668589,505.90438981385347
9046.773048474319,719.1128673089136
2832.6304114072063,238.15677024800925
4679.299169683077,373.9558002123603
4902.715562201173,390.80644819609506
9868.306804496273,788.1699383105656
9610.481579991507,768.2814580847198
8681.227900852862,689.4497728898124
7574.932065511329,602.2292805047398
2721.471323267377,229.3433652356833
9833.612958351177,786.6590879932398
2940.6004780043318,246.08104619600908
4407.051812056765,352.0307474918868
4464.047043177959,359.0792093978373
1200.201527686348,124.60553387835311
8155.711162697693,650.3454304436995
9777.171788334867,780.5128127723785
6819.415270662292,540.6866522589605
5394.785121342805,429.3416039148322
3580.2304853293504,294.16213494888416
4891.952369641576,389.38231471114557
3937.795206934577,319.99449881959504
5724.034028455575,454.77534356987246
8888.753537324354,707.1501449210358
4742.876943799828,376.7296474014529
2831.2559821284035,238.15677024800925
4919.370916878341,393.5362737185988
2886.448606031771,242.15780766054002
7793.419868564411,618.6328989833469
7856.832293485484,625.9347812057816
3590.4075497393137,295.4325203810869
4843.012324424825,386.6343418945374
2556.241620647834,217.5821695596971
1872.2646398885274,168.60501790350295
2453.6902877859757,210.41184412710936
3957.69910826346,321.2668253249635
4826.577674917229,385.2927174253105
1372.5933159278586,136.49332712676002
6711.787638165122,532.1672630956502
7258.469997208308,576.963178381247
9443.131443496763,753.1813973029808
3255.436710546179,272.24704048908865
4875.662524071892,389.38231471114557
5285.912641663597,419.4531148189605
794.4956977155089,99.10667281386458
8902.694567502322,707.1501449210358
2701.5802864718007,229.3433652356833
7596.246813060251,602.2292805047398
1277.254742817688,129.69013481031894
1211.26007421273,125.78406928848393
4609.11322400538,369.9290121444304
6881.535394309793,546.4813780267027
2589.733749010083,221.64910814430587
3632.113211825927,297.91047544758703
4226.970654285329,341.17807561376134
8093.693952738859,643.2088848427736
6344.665621592557,503.17942873762183
7087.468102116123,561.0000346996992
7234.005397321362,574.0446957754081
8495.458529571004,674.9185240634739
9864.396056294763,788.1699383105656
5595.535853002962,446.28127873421124
1610.4457596881452,148.8386204897214
1717.295470918523,158.13311791760904
9270.613180325605,739.9009274444916
1095.7607973639488,121.74738315082341
5811.406155515432,461.85482434161196
7799.713345471543,620.1292704066528
1450.3933739790457,140.37855780726235
2459.964437787453,211.7940018641494
6748.725333811419,533.6136747079335
860.0911694044173,106.26906004419332
8708.91802395449,693.8908371561396
3343.9936956985853,277.1229172528375
5386.7618219800015,427.9077399808676
5931.221053125498,470.0975123336176
7234.220593456086,574.0446957754081
5620.605282538144,446.28127873421124
2761.8084209560984,234.3220729137204
2437.8249617684287,209.16168911931587
3000.363636221188,250.33929163196126
8068.745504642071,643.2088848427736
3907.0879949162463,315.9956586830652
1619.4008622925867,148.8386204897214
6024.897921503444,478.42126769526897
7619.870520751176,603.7385916913399
8778.744727233186,696.8060046536582
702.6202182473334,93.33566746204315
4323.872397248607,346.489610030638
704.6202182473334,93.33566746204315
5527.467419384726,437.82695651129
4043.6164182714842,326.7626745868175
9329.109570300117,745.7684015110353
5835.12962557779,463.19302292805145
2346.7262888695204,202.5887354604703
4352.650199824608,350.656528416906
7435.4864526777665,590.2597561204462
4177.693887879672,338.6216511154154
6852.270037248786,542.1373490228494
7814.142428403081,621.6119380986655
2903.1773944413735,244.78467071903464
7649.6432066666375,608.2560268088248
3984.095978859961,322.6388748616113
1868.3798449823498,167.21031751692718
3130.250167465319,260.012553699447
5774.287000321751,457.71511517301286
1266.6260656337656,128.8235213549405
7204.946502983497,572.6173948164843
9164.63682182135,729.502210314286
97.56338996622576,33.16897946900161
9621.95628761891,768.2814580847198
100.56338996622576,38.98401623854026
5648.153955172041,449.10398355974075
7093.834477868109,563.9160663097183
6989.009301478467,555.1355328045278
7337.788572651202,581.3437558081148
1601.3881762994574,148.8386204897214
6088.223667639487,483.93644992456046
7691.59091194234,612.6999878937435
880.5397243572476,108.74461095824705
2980.5959500632903,248.89642109814716
2776.3577583704614,234.3220729137204
1998.045517473633,176.78824337744186
4808.833964791347,385.2927174253105
5383.539004440653,427.9077399808676
1720.0097186605678,158.13311791760904
5356.480980652227,425.0840929579687
5887.944004726389,468.6922574327519
9512.950835022313,757.691975984929
4158.1466309877815,336.06428719029634
5676.250012284653,450.47254245903144
8531.603768262697,680.7491234620907
7308.199392289342,581.3437558081148
8311.933467301977,660.3709900459487
5854.748569725626,464.5448484648413
6170.309741580818,489.50386470039973
3893.1715221830123,315.9956586830652
1461.2974715446983,141.3693088337038
2629.831794194618,224.04887844425744
8293.328063507442,658.9006830456092
1311.2720261983125,132.80942368806458
2102.4244424936865,184.25803183814887
108.02348862332872,38.98401623854026
110.02348862332872,38.98401623854026
3386.5669078997335,281.9911570210428
545.2459060741487,81.11250325191254
543.2459060741487,81.11250325191254
7270.373476627502,576.963178381247
1597.7646728395364,147.40421624475044
686.8620005944043,90.78797790944441
5951.589912671041,472.8590864771286
7497.116168078657,596.2995621330746
8517.74166636672,677.8435835762723
2611.956024944481,224.04887844425744
8918.88838665707,710.135188556036
9880.324537739461,788.1699383105656
5715.474235032446,454.77534356987246
6471.720977217124,514.1918022140169
4513.80318729826,361.7905455717102
5407.764594142618,430.70396810035186
6161.046338698637,489.50386470039973
5047.618955519686,403.22946419128345
4025.8287886664843,326.7626745868175
7005.384975598733,556.5522469895897
8242.309773672838,655.9659684062296
4984.675474428968,396.2553028625812
6630.08686802073,526.524660277349
757.1527728219256,96.00257738864784
759.1527728219256,96.00257738864784
2869.0827388335497,239.51085148119765
8781.744727233186,698.3174233356942
6198.071002996925,492.2314908721538
7689.396460205739,611.1993568631237
1747.00415323455,160.68862230215785
2268.109045540231,197.771369443679
3054.9984070272226,254.56374039282832
1906.4393610922207,171.34165618742355
5989.560423874455,477.04485724372086
1405.4507915470451,138.1421981061515
4566.050445033502,365.82350114106487
3729.640844409505,304.3834070870243
807.1722273595869,100.7938615154618
809.1722273595869,100.7938615154618
9745.498220106467,777.4059786627159
4804.3488474293945,383.9552209107115
7481.859709958286,593.3007294300871
6863.436059521568,543.5923460302934
9191.63400751459,732.4305116126967
2692.435198626985,227.9621105845486
5990.711539337183,477.04485724372086
6816.415270662292,540.6866522589605
2755.2018989901944,234.3220729137204
4888.952369641576,389.38231471114557
7865.508026112508,625.9347812057816
4785.572405270888,382.4884295690691
7671.850444098776,609.7301291740134
3316.892708914212,275.78672891331644
594.9176658550388,86.36970503289074
1518.3842668413797,144.79796688768903
3440.457483784946,284.5732216297176
1449.0528524357844,140.37855780726235
2400.4131239357,205.31996660897886
529.3552957277742,79.2666253720581
6785.475259419024,539.2994784667974
337.7960147061921,61.99581699431871
340.7960147061921,63.56988436819859
5304.720543007134,420.8717390025252
6344.4173286204,501.79194950057706
9344.623128081079,745.7684015110353
9445.131443496763,753.1813973029808
6150.071359128839,489.50386470039973
4872.662524071892,389.38231471114557
6363.500436362112,505.90438981385347
6872.570458063625,543.5923460302934
5930.700407896492,470.0975123336176
9416.984889121153,751.6845571003175
9905.387068043292,791.2739373321776
7326.843510760137,581.3437558081148
6489.635116139722,515.5491696628147
7599.246813060251,602.2292805047398
2004.1230704747375,178.1141215025925
8950.57047169287,711.6585420623758
9170.409425396158,730.9486635808482
7599.659037612154,602.2292805047398
938.2018393853878,111.09189878708828
4596.839902788654,367.1610947652855
3330.304850314723,275.78672891331644
2237.650078569801,195.3566190870432
9361.937930256403,745.7684015110353
1532.3183335791316,144.79796688768903
1071.0373670818258,118.34400531489635
1834.7465023905845,165.79797606426692
9132.754335238644,726.5062314179485
2669.9545223483374,225.38545392524642
831.3928922007832,105.24176085070398
5892.05862694983,468.6922574327519
5976.254570634518,474.27167400203064
515.1217548983522,75.78276171828992
5440.263538781799,432.0817743059758
9010.983886733411,719.1128673089136
6751.725333811419,533.6136747079335
6237.905545948597,494.978862318795
6892.3110673930905,546.4813780267027
4497.170214251722,361.7905455717102
5697.793554921127,451.91697904076557
1478.5825417056813,142.3693622963346
9199.626549141065,732.4305116126967
3487.1440355581212,289.44845326916334
6217.085824882604,492.2314908721538
3281.7898243821905,274.61509573216745
5231.613393496427,416.665562158289
5928.221053125498,470.0975123336176
8631.005465178992,686.4944845238751
4026.0603118822114,326.7626745868175
1940.4141530553095,172.71020836623225
6452.306107781645,512.8265055175101
4457.959312095052,357.6907438475829
6027.897921503444,479.85410637053985
9595.318027108267,765.2484213154792
1662.0597669909444,154.15954988644663
8990.126756452268,714.6622338531574
9898.935748341471,789.720496645365
3036.1646508149806,251.82369312814708
3469.011673555523,288.2657264693281
4140.74058214857,334.7816405538408
7616.870520751176,603.7385916913399
6397.50808781244,505.90438981385347
7544.911023800802,599.2560790208261
7719.986079636535,612.6999878937435
1514.958882965659,144.79796688768903
4244.3621280915995,342.46095948210865
3269.020536821282,273.4447568151349
6113.418784272459,486.73002899629216
5214.3268172783555,415.2515911260067
5832.12962557779,463.19302292805145
2576.166924730083,219.00409360339972
7557.270389484979,600.7170242156922
9437.06630487183,753.1813973029808
4913.3267579528965,393.5362737185988
9753.424516221523,777.4059786627159
6988.641456308911,553.6739079336725
7498.4073860622775,596.2995621330746
5574.852741907779,443.5407465035061
8368.245776099959,667.6113215725667
3294.335157402233,275.78672891331644
6127.882808537714,486.73002899629216
7181.887872625191,569.7271828622352
9162.63682182135,729.502210314286
2489.6572426286384,211.7940018641494
9619.95628761891,768.2814580847198
138.94136316664552,42.17664797488508
141.94136316664552,42.17664797488508
720.379984966974,94.36114053250267
722.379984966974,94.36114053250267
1790.9723041271657,162.9994715381425
3903.8659126387197,315.9956586830652
6647.197326992756,527.9180522436436
6605.82304506596,525.137042195499
6202.317572854821,492.2314908721538
4315.9605633828705,346.489610030638
8801.810283512055,701.302705939197
2182.246680096618,191.7701066659623
7809.897540428547,620.1292704066528
8309.933467301977,660.3709900459487
4601.876093483031,368.6005315665331
5652.796473162004,450.47254245903144
7141.038447399892,566.7986495924209
8280.063368696534,657.4305806319187
439.27080405372044,72.21540077806553
442.27080405372044,74.02140865372084
9300.060840206426,741.3637366434062
6438.121473973938,511.4665508352219
7947.31625629471,633.1350529300183
1278.4548384518873,129.69013481031894
7562.46728379327,600.7170242156922
1466.193343553967,141.3693088337038
7107.367374906461,563.9160663097183
3922.668403252286,318.62980063119335
8423.762262652512,670.5364458356986
9365.355316522691,747.2402318871261
9135.754335238644,726.5062314179485
912.3468873773692,109.66420148552965
758.1203418444638,96.00257738864784
9288.653801543835,741.3637366434062
226.52746935026383,55.190167801885835
9210.623189560183,732.4305116126967
223.52746935026383,55.190167801885835
7194.171269783282,571.1455477801004
6756.99393522412,533.6136747079335
9138.108699481552,728.009109645556
6330.090361888545,501.79194950057706
5030.208327655958,401.8904740547902
7033.350084148752,556.5522469895897
3137.087949050871,261.4417074633592
5346.469296758613,423.63433371789233
4172.741975313358,337.34257242630014
4966.195262178188,394.85459874921276
1372.567785794627,136.49332712676002
5514.500246684375,437.82695651129
8274.166510432344,657.4305806319187
2279.7753998964668,197.771369443679
8628.005465178992,686.4944845238751
8037.893544282151,638.9003892462131
6379.78444668589,505.90438981385347
5099.557976904318,407.23323422282726
4677.299169683077,373.9558002123603
5760.353155296256,456.2573905448161
3230.658086064509,269.66280740050433
4143.632930517187,336.06428719029634
1108.1985305564392,122.45345336619548
4778.1388054614,381.12681003334814
2474.9673609840493,211.7940018641494
6498.944479423636,516.8990602989439
1795.2995443177347,162.9994715381425
3029.2378732980246,251.82369312814708
9747.498220106467,777.4059786627159
2365.741601088961,203.95356134621548
5353.58275790554,425.0840929579687
5392.785121342805,429.3416039148322
5251.902748129945,418.02250048886924
1775.7400819259415,162.9994715381425
2385.5084582698146,203.95356134621548
8330.016531712867,664.7056280496896
587.5787524530797,85.19529777752598
589.5787524530797,85.19529777752598
5369.974881689976,425.0840929579687
4740.876943799828,376.7296474014529
5634.760529005889,446.28127873421124
5920.511252434635,470.0975123336176
6662.823010444918,527.9180522436436
9097.822242422313,726.5062314179485
4394.469562856486,352.0307474918868
418.9025621620897,69.35215934940722
421.9025621620897,69.35215934940722
4848.275131529308,388.043395871004
7588.095938670513,602.2292805047398
9006.88901383199,717.6267603647989
1990.589031558848,176.78824337744186
5749.617272442011,456.2573905448161
7010.910753913901,556.5522469895897
385.9854359654808,67.46465319671061
387.9854359654808,67.46465319671061
3063.4088612757205,257.2650968812503
6267.186978336839,497.72451943144785
6415.3046230943,508.6945175884046
9549.312084520032,763.7452818366304
7347.861866684558,582.8414256691361
6709.787638165122,532.1672630956502
7488.660528391579,594.773893063364
3405.6238753554194,281.9911570210428
5287.912641663597,419.4531148189605
7892.88221425824,627.4113978417013
3200.397785842108,265.46411857378007
9148.587417428062,728.009109645556
7426.092059371106,588.7842993081207
2261.240987243115,197.771369443679
4275.028069889995,343.78207849921154
5129.254405107099,409.9150721438107
969.8621141684085,113.3929742607458
2400.7160334751925,206.53869471367358
3997.585599701802,322.6388748616113
8095.693952738859,643.2088848427736
2036.523957046507,181.59735340154924
9363.937930256403,747.2402318871261
2809.786491201547,236.9146625215162
6596.5794824798095,523.7533003400149
5115.0200776084685,408.6065786807329
7232.005397321362,574.0446957754081
775.1473912323538,97.5811537064502
9883.324537739461,788.1699383105656
6514.46979177399,516.8990602989439
1075.785432146871,119.67187644897092
5809.406155515432,461.85482434161196
9008.983886733411,717.6267603647989
4748.748840088071,378.1885472113164
8148.5594540116335,648.9128830125314
8960.85879445615,713.1626712542932
1761.940022527579,161.87115431441416
3463.5039377543444,287.0913255212227
3228.865922896762,269.66280740050433
1922.4853946504832,171.34165618742355
3885.7939270997203,314.61246780344766
4272.776671876272,343.78207849921154
9156.354693459181,729.502210314286
3336.3297233588896,275.78672891331644
951.4004037485736,111.09189878708828
9593.318027108267,765.2484213154792
3688.12607840942,300.5423663469157
6000.805616660805,477.04485724372086
5866.763318782076,465.95546853415453
6550.535379662948,521.0015213608045
4626.302208515039,371.25300935921376
1902.077324103623,170.0046000310854
2481.019067340329,211.7940018641494
3355.977663014171,279.6137286313949
5255.74332092576,418.02250048886924
80.81991189775017,21.667768262558383
82.81991189775017,33.16897946900161
7917.93840089106,630.2748807664635
7549.722674465701,599.2560790208261
5555.223665518289,442.1620512172627
7992.514648117159,635.9966440775952
2659.483882171895,225.38545392524642
8684.227900852862,690.940429175928
2804.1395563386504,236.9146625215162
7014.008231713006,556.5522469895897
3867.6586143996096,314.61246780344766
6854.270037248786,542.1373490228494
5964.314792095972,474.27167400203064
3103.3206595262295,258.5569119618848
7651.6432066666375,608.2560268088248
3277.8696841350575,274.61509573216745
9188.63400751459,732.4305116126967
1688.4382938131878,155.55985371666074
264.3889016362565,59.23617340574771
266.3889016362565,59.23617340574771
3747.493939867713,305.71735543732973
1291.244202065954,131.83151450844687
8007.560715503005,637.4464997584455
4771.3618506766325,379.65510400695285
5725.695836009623,454.77534356987246
7339.788572651202,581.3437558081148
7933.448784308114,633.1350529300183
9259.30073976693,739.9009274444916
1052.827359428432,118.34400531489635
4253.116510143091,342.46095948210865
9312.819108322346,742.8207426928384
1971.9973691344042,175.44284527071989
9009.88901383199,719.1128673089136
6153.974570169171,489.50386470039973
825.6845574578223,103.63285145551505
1702.8991536111955,155.55985371666074
3150.7961804589563,262.7514243320267
5912.182148959921,468.6922574327519
7806.897540428547,620.1292704066528
4095.6387691883374,332.1184279375308
9734.44878117475,777.4059786627159
3890.1715221830123,314.61246780344766
7294.745919369788,579.898006218758
8342.767442707001,664.7056280496896
4598.876093483031,367.1610947652855
7200.715733737321,571.1455477801004
2296.707997119924,200.24322273429786
4362.962104975923,350.656528416906
6027.229946869993,478.42126769526897
9313.629322449447,742.8207426928384
9714.463800473191,774.338921867666
8107.706650537482,646.0580851749146
3770.7382911886825,308.32129446397454
7827.8765386379555,623.0315847686503
9558.614055489623,763.7452818366304
7030.350084148752,556.5522469895897
2169.5268465305244,191.7701066659623
5409.764594142618,430.70396810035186
2543.0909554091627,216.1457994120978
8129.655312596762,646.0580851749146
4022.8287886664843,325.361332855069
7564.1551192070365,600.7170242156922
6632.08686802073,526.524660277349
8903.69502527167,707.1501449210358
9019.322338979393,719.1128673089136
1628.4548713891313,151.52279756007368
4212.193265234354,339.91025137624115
9112.968662549647,726.5062314179485
3077.7780971305674,257.2650968812503
5257.925581437515,418.02250048886924
2384.075721242954,203.95356134621548
8023.9347710279235,637.4464997584455
2866.0827388335497,239.51085148119765
558.1150206781386,82.36963370872924
560.1150206781386,82.36963370872924
5761.283871364409,456.2573905448161
1421.7947082282103,138.1421981061515
3217.0212914082554,268.2202044167584
9793.410217088604,782.0318104806797
4701.347082234904,375.2997792877865
760.4805270267451,97.5811537064502
3057.9984070272226,256.0030422985878
8192.307467179187,653.1536557892839
2940.2625403175944,246.08104619600908
2400.928259707729,206.53869471367358
1662.8493179613747,154.15954988644663
7479.859709958286,593.3007294300871
9362.908647790242,747.2402318871261
2359.3732748510733,202.5887354604703
6865.436059521568,543.5923460302934
3384.4278037717,281.9911570210428
5992.711539337183,477.04485724372086
3460.5309409767706,285.78006343814167
5350.58275790554,423.63433371789233
5901.818489845276,468.6922574327519
1706.5246616016439,156.9635590033954
6916.290718238808,547.9091209092722
7522.489926480085,597.7498180401171
2675.737864411318,225.38545392524642
7382.08694053055,584.3381223590789
7863.508026112508,625.9347812057816
8531.066112439803,679.3182262832014
5560.627366225125,443.5407465035061
2261.666145023368,197.771369443679
2616.137851079467,224.04887844425744
2883.648368709903,240.8932892565536
1206.7412730838785,124.60553387835311
1496.8059466649545,142.3693622963346
6665.823010444918,527.9180522436436
6302.870824175127,500.45783521845203
2230.708832652465,195.3566190870432
9832.990939987445,786.6590879932398
9082.70231677617,725.0434799743119
4109.15812457722,332.1184279375308
4823.577674917229,385.2927174253105
8302.401366949356,660.3709900459487
8798.810283512055,699.7880096736284
4856.70960728645,389.38231471114557
7255.469997208308,575.4782968689946
1904.8231131297875,171.34165618742355
1594.4806141457498,147.40421624475044
7455.826812803235,591.768562288054
9823.469698485353,785.1021244891848
7340.011524217055,581.3437558081148
3542.6813832608846,292.97401321992123
4350.640226867832,350.656528416906
8517.862674060561,679.3182262832014
9948.90784555782,794.3385923495987
8490.177121679571,674.9185240634739
9513.846202752027,759.2238660805207
6906.9884107808075,546.4813780267027
1987.2883312733234,176.78824337744186
4773.964995224984,379.65510400695285
7503.377355451975,597.7498180401171
6341.665621592557,501.79194950057706
1757.5523350588796,161.87115431441416
7244.943335081119,574.0446957754081
1941.5463830670951,172.71020836623225
2666.9545223483374,225.38545392524642
5162.142706992656,412.5508816545525
2589.587640709713,220.23672931095902
5291.069312698466,420.8717390025252
8040.706989306387,638.9003892462131
8958.85879445615,713.1626712542932
9676.772962047744,774.338921867666
3661.2042347252677,299.2129346645873
3017.443167900249,250.33929163196126
9952.919955973222,795.8750101360657
9225.06526312513,733.9397245014159
9759.122645939402,778.9583805859371
8239.309773672838,655.9659684062296
5069.475697592433,405.9266656220014
2103.6625525091317,184.25803183814887
8954.618136507584,711.6585420623758
1087.0648194004316,119.67187644897092
1148.7326515115917,123.89850000839567
4455.959312095052,357.6907438475829
9063.68726751379,722.0839234658984
494.5953921339386,75.78276171828992
2533.489237518973,214.67820904180377
497.5953921339386,75.78276171828992
8470.967741324406,674.9185240634739
5530.467419384726,437.82695651129
179.4806478917622,46.21010527124394
182.4806478917622,49.74098702089263
7017.008231713006,556.5522469895897
2681.7383036047518,227.9621105845486
634.2145529346997,87.50449215353424
1505.2938396861487,142.3693622963346
7619.977020995143,603.7385916913399
4488.071270968418,360.4435375474609
7276.28179805538,576.963178381247
613.9081033411378,86.36970503289074
9915.74826698884,792.7887487251762
6381.788444478757,505.90438981385347
4632.874228573844,371.25300935921376
1349.3293022863588,134.83674111359323
1174.720325734443,124.60553387835311
4066.165781151184,329.44580925616214
7037.00932911181,558.0321410874848
9309.421356488732,742.8207426928384
5198.0070656969365,413.89840384384064
1093.5342788560256,120.51104881430385
9688.21664351185,774.338921867666
396.1068561343418,67.46465319671061
399.1068561343418,69.35215934940722
6233.890759615346,494.978862318795
9650.50084024436,771.2987606510214
5748.848398029336,454.77534356987246
8511.091772426602,677.8435835762723
9314.819108322346,742.8207426928384
951.5165471264288,111.09189878708828
1583.1559740893215,147.40421624475044
2381.8190418178547,203.95356134621548
6649.197326992756,527.9180522436436
79.33078229062477,21.667768262558383
8609.551142656595,686.4944845238751
3114.2414148439966,258.5569119618848
3996.06696854068,322.6388748616113
6938.145269484238,549.3687973815167
82.33078229062477,33.16897946900161
1918.3797705277461,171.34165618742355
6685.636606088972,530.7661132286397
7091.703357239516,562.4754479862096
5536.145523769899,439.30312203729625
8905.485367662222,707.1501449210358
9062.09785483606,722.0839234658984
3976.762784950867,321.2668253249635
4187.962119627539,338.6216511154154
3210.2867039413845,266.9245560341363
5515.378443685214,437.82695651129
417.5176028065757,69.35215934940722
419.5176028065757,69.35215934940722
9717.624755325198,775.8558634008886
6440.121473973938,511.4665508352219
6933.38031446206,549.3687973815167
510.3968729205733,75.78276171828992
9712.463800473191,774.338921867666
7273.373476627502,576.963178381247
317.9175391228986,61.99581699431871
7903.03748157595,628.8655754006895
320.9175391228986,61.99581699431871
7494.116168078657,594.773893063364
5100.167892418652,407.23323422282726
1070.5464378398956,118.34400531489635
5032.208327655958,401.8904740547902
2800.9664409152865,236.9146625215162
3134.087949050871,260.012553699447
7579.406472082275,602.2292805047398
9276.146000888075,741.3637366434062
3318.270075405274,275.78672891331644
7876.316734509582,627.4113978417013
9955.919955973222,795.8750101360657
1240.66808059568,127.74272398806498
9756.122645939402,777.4059786627159
1928.8777839645984,172.71020836623225
3918.10591217128,317.36608993890496
5743.145201030453,454.77534356987246
9114.968662549647,726.5062314179485
3581.403872204409,294.16213494888416
1679.736558454773,154.15954988644663
3819.794690351909,312.07902459962753
2830.6304114072063,238.15677024800925
1189.8355179929986,124.60553387835311
3233.658086064509,269.66280740050433
6201.071002996925,492.2314908721538
1918.4668969266438,171.34165618742355
3512.559916942115,290.6277879864891
1223.1688311877258,125.78406928848393
2719.471323267377,229.3433652356833
9026.557222088753,719.1128673089136
9606.42627912517,768.2814580847198
3026.2378732980246,251.82369312814708
5813.463884639913,463.19302292805145
4047.254564376678,328.0624457154162
2362.741601088961,202.5887354604703
7219.944184265144,574.0446957754081
5007.336468556048,399.12608207981015
2245.7052115690617,195.3566190870432
7781.435526803609,618.6328989833469
7110.0415227932335,565.3551342032763
3578.2304853293504,294.16213494888416
7174.609382007079,569.7271828622352
3560.1009226056926,292.97401321992123
6982.354183276266,553.6739079336725
8143.8672268140435,647.5069688864002
5367.974881689976,425.0840929579687
8529.066112439803,679.3182262832014
7842.879433533483,624.5231663505931
6855.977782879311,542.1373490228494
1421.9088728596182,138.1421981061515
2515.709635914672,214.67820904180377
224.82965217147913,55.190167801885835
3264.9162803863023,273.4447568151349
8974.902810238971,713.1626712542932
8802.469512202093,701.302705939197
957.8396920429007,112.493965604581
959.8396920429007,112.493965604581
2888.448606031771,243.50346773335687
3929.3914128053775,318.62980063119335
222.82965217147913,55.190167801885835
5546.752459113212,440.6994812424272
3592.4075497393137,295.4325203810869
584.1936757768699,85.19529777752598
3165.8206097824072,265.46411857378007
1273.6846691764845,129.69013481031894
5442.067920034761,432.0817743059758
6239.338489879205,494.978862318795
9342.623128081079,745.7684015110353
3402.6238753554194,281.9911570210428
1241.9722701183102,127.74272398806498
9903.387068043292,791.2739373321776
635.3293485605094,87.50449215353424
2258.240987243115,196.48886737345953
5127.254405107099,409.9150721438107
5449.370030651354,433.5225258739788
5136.09847273969,411.22812529336056
9950.90784555782,794.3385923495987
8328.084047317252,664.7056280496896
55.53741187675884,21.667768262558383
3635.0877936292054,297.91047544758703
3630.113211825927,296.7187163802387
5506.12765296711,437.82695651129
2829.096591790133,238.15677024800925
8248.459816127099,655.9659684062296
3165.516503643389,265.46411857378007
8424.203361605612,670.5364458356986
58.53741187675884,21.667768262558383
2305.4657025033907,201.395319099918
6418.181095251681,508.6945175884046
3959.9359844941137,321.2668253249635
5272.580042752484,419.4531148189605
9135.108699481552,726.5062314179485
1092.7607973639488,120.51104881430385
6251.666971809343,496.38520555277853
8947.42071515009,711.6585420623758
1123.0284873665373,123.14273307518646
6421.849951754052,510.11017820471557
9201.626549141065,732.4305116126967
7121.400995656776,565.3551342032763
6139.2119799121565,486.73002899629216
1043.7353251827092,118.34400531489635
2759.8084209560984,234.3220729137204
2993.2626218550918,250.33929163196126
5819.218962360102,463.19302292805145
8457.887306823692,674.9185240634739
8992.126756452268,714.6622338531574
6552.535379662948,521.0015213608045
5690.747013475647,450.47254245903144
4003.433622752826,324.05195863499836
6083.099569389378,483.93644992456046
8079.311142396436,643.2088848427736
5864.675629468624,465.95546853415453
7990.514648117159,635.9966440775952
8650.207345198112,687.9522432289225
3298.7087537159546,275.78672891331644
6110.418784272459,485.3011089482747
8174.407944919577,651.7535469182346
4045.6164182714842,326.7626745868175
5217.3268172783555,416.665562158289
2063.8062897199825,182.89246794243005
6230.825850827028,493.6271757838847
7895.448445980315,627.4113978417013
4910.3267579528965,392.13535496093067
2563.3765737714475,217.5821695596971
6127.7178790234275,486.73002899629216
5307.620372716894,423.63433371789233
6733.05667937333,532.1672630956502
8564.833372783232,682.1791480888689
1027.2979017548203,117.5193302249025
8388.31396972165,669.0663780768413
1578.5656288829102,145.939748813618
7475.29019339757,593.3007294300871
3196.4624398859814,265.46411857378007
1598.3881762994574,147.40421624475044
4054.3841532927286,329.44580925616214
4725.411949018631,376.7296474014529
7935.448784308114,633.1350529300183
1163.3457402874644,124.60553387835311
2001.045517473633,178.1141215025925
9652.50084024436,771.2987606510214
4731.524563512052,376.7296474014529
1723.0097186605678,159.49573445097295
5464.136680249122,433.5225258739788
6155.974570169171,489.50386470039973
7822.128993530109,623.0315847686503
5914.182148959921,468.6922574327519
7088.703357239516,561.0000346996992
8299.401366949356,658.9006830456092
7066.650625832244,559.5183970859244
9639.90906647098,771.2987606510214
1482.1581075678605,142.3693622963346
3020.8794158643213,251.82369312814708
7851.7884507120325,624.5231663505931
7711.904703680383,612.6999878937435
1885.4027650794778,168.60501790350295
4199.874738101757,339.91025137624115
6324.064801720979,501.79194950057706
3902.421664497141,315.9956586830652
2431.1849493986683,209.16168911931587
6532.0551530458315,519.634416831245
2019.2017515581992,180.51814429527937
3716.8480460420415,303.13237052021174
356.27798486778056,63.56988436819859
359.27798486778056,63.56988436819859
3388.5669078997335,281.9911570210428
4472.384183126311,359.0792093978373
1696.129482636063,155.55985371666074
2082.5709052889256,182.89246794243005
6025.229946869993,478.42126769526897
6101.928712505723,483.93644992456046
314.18535514965026,61.99581699431871
316.18535514965026,61.99581699431871
5103.167892418652,408.6065786807329
9817.063371536773,783.5846121238359
5334.350582835125,423.63433371789233
4949.648622778115,394.85459874921276
5343.469296758613,423.63433371789233
7576.406472082275,602.2292805047398
8973.23629421879,713.1626712542932
3672.932160764827,299.2129346645873
9217.173908647472,733.9397245014159
9655.007400231183,771.2987606510214
5511.500246684375,437.82695651129
8212.840847246358,654.555471157464
9672.697009962654,771.2987606510214
1723.709829872109,159.49573445097295
341.11966037719975,63.56988436819859
344.11966037719975,63.56988436819859
4214.193265234354,339.91025137624115
5837.607924366273,463.19302292805145
5259.925581437515,419.4531148189605
4009.953310486089,324.05195863499836
8021.9347710279235,637.4464997584455
8653.207345198112,689.4497728898124
4775.1388054614,379.65510400695285
3646.2342671462607,299.2129346645873
141.82886901189895,42.17664797488508
143.82886901189895,42.17664797488508
4029.8868419343084,326.7626745868175
3802.1517282055875,310.82251711106977
6282.523727518343,499.12408478280827
5004.336468556048,397.6912374376294
5903.818489845276,468.6922574327519
1388.033212772122,137.28007747378132
7400.023908968115,587.2915344829405
654.498566206814,89.21665251541174
7380.08694053055,584.3381223590789
7768.669041165182,618.6328989833469
7959.19896075942,633.1350529300183
3314.892708914212,275.78672891331644
8662.555297703942,689.4497728898124
4978.5468139022705,396.2553028625812
1446.0528524357844,139.1454664095941
2398.4131239357,205.31996660897886
5917.511252434635,468.6922574327519
3241.0976364674825,269.66280740050433
727.0877012251308,94.36114053250267
4391.469562856486,352.0307474918868
2467.7615117329915,211.7940018641494
4845.275131529308,386.6343418945374
8101.597629841867,646.0580851749146
8804.469512202093,701.302705939197
1561.905491989383,145.939748813618
6300.870824175127,500.45783521845203
7985.040484385113,635.9966440775952
1627.335576103423,150.3144025839237
3048.1032548965704,254.56374039282832
3454.5493891647347,285.78006343814167
3673.7376573858146,300.5423663469157
533.4332323499236,79.2666253720581
6980.927826849922,552.2505785630683
7157.805852868528,566.7986495924209
5602.020859125805,446.28127873421124
1777.7749382893346,162.9994715381425
3153.006844339098,262.7514243320267
6776.946998371878,536.4648248554279
7453.826812803235,591.768562288054
8830.01739784305,704.2334431448803
6948.344340099236,550.7838931664703
1735.8609931989042,159.49573445097295
6665.928144956264,527.9180522436436
7931.40418928339,633.1350529300183
9393.595851267897,750.2076447661403
812.7445822984525,102.4382523124712
8264.368249481791,657.4305806319187
1128.0374430025363,123.14273307518646
1806.1324566872822,162.9994715381425
6878.535394309793,545.0134015451285
6904.9884107808075,546.4813780267027
8975.43665857318,714.6622338531574
4775.964995224984,379.65510400695285
9316.629322449447,744.315135037018
7246.943335081119,574.0446957754081
2926.6502922815625,246.08104619600908
5160.142706992656,412.5508816545525
8602.944089450366,685.0487705891234
9772.425494385332,778.9583805859371
8784.940660583596,698.3174233356942
9752.261681180724,777.4059786627159
7605.744862243658,603.7385916913399
4758.690758856321,378.1885472113164
6248.666971809343,496.38520555277853
8949.42071515009,711.6585420623758
7465.9236413874505,591.768562288054
3867.7972000212644,314.61246780344766
3099.2762319206568,258.5569119618848
1644.0254883079222,153.01405816743497
7735.839827854963,614.20542453554
6681.503830293414,529.3165030496918
3279.7898243821905,274.61509573216745
6680.084264092195,527.9180522436436
4216.0794325228235,341.17807561376134
26.159380408736688,19.63186701702527
4028.0603118822114,326.7626745868175
5071.475697592433,405.9266656220014
7654.404729630875,609.7301291740134
28.159380408736688,19.63186701702527
1943.4141530553095,174.06274014534222
6071.079722662877,483.93644992456046
3011.8095227633767,250.33929163196126
9229.77750704886,733.9397245014159
1665.0597669909444,154.15954988644663
2703.3481054750932,229.3433652356833
672.1357610734025,89.21665251541174
5258.74332092576,419.4531148189605
9796.410217088604,782.0318104806797
4445.2370831161,357.6907438475829
5867.675629468624,465.95546853415453
3267.020536821282,273.4447568151349
1831.6982872737208,164.4183601286071
9639.512607964116,769.7715232858803
8298.051684820422,658.9006830456092
6997.712691928519,556.5522469895897
9029.557222088753,719.1128673089136
7892.448445980315,627.4113978417013
655.3591179617662,89.21665251541174
657.3591179617662,89.21665251541174
3430.5140607251865,284.5732216297176
4490.071270968418,360.4435375474609
5304.620372716894,420.8717390025252
7278.28179805538,576.963178381247
8562.833372783232,682.1791480888689
9774.171788334867,778.9583805859371
673.9177250281532,90.78797790944441
2041.5763531692576,181.59735340154924
8701.69699403083,690.940429175928
4634.874228573844,371.25300935921376
3415.6815473687357,281.9911570210428
1293.823587187992,131.83151450844687
5728.695836009623,454.77534356987246
7472.29019339757,591.768562288054
5196.0070656969365,413.89840384384064
4087.296298664213,330.81931714269075
1435.4280300733892,138.1421981061515
3122.065141902047,258.5569119618848
5142.284858998247,411.22812529336056
8971.902810238971,713.1626712542932
3709.8722940642965,303.13237052021174
5750.848398029336,456.2573905448161
1577.6407880349814,145.939748813618
3255.192333191243,272.24704048908865
5475.124879900504,433.5225258739788
2721.113005908484,229.3433652356833
4577.571616105585,365.82350114106487
6936.145269484238,549.3687973815167
3612.3667774863193,295.4325203810869
5174.33023827698,413.89840384384064
2184.246680096618,192.91378879498046
378.67260537221506,65.54081995870608
381.67260537221506,67.46465319671061
516.7775851326028,75.78276171828992
1258.8335374972228,128.8235213549405
2526.4193735289678,214.67820904180377
7203.715733737321,572.6173948164843
8514.862674060561,677.8435835762723
704.0369227376581,93.33566746204315
8972.43665857318,713.1626712542932
6836.985644414149,540.6866522589605
5954.589912671041,474.27167400203064
7901.03748157595,628.8655754006895
2543.381136367263,216.1457994120978
6069.2596451283125,482.571794530996
8975.23629421879,713.1626712542932
9219.173908647472,733.9397245014159
7878.316734509582,627.4113978417013
1812.3382018149784,162.9994715381425
4478.618514113961,360.4435375474609
9728.036423386102,777.4059786627159
8214.840847246358,654.555471157464
8704.057525221006,692.404026906271
2281.7753998964668,197.771369443679
2201.220046468129,192.91378879498046
3697.3284859142855,303.13237052021174
8957.618136507584,713.1626712542932
9021.322338979393,719.1128673089136
577.7670116197271,83.51002215872028
3887.331561305469,314.61246780344766
7162.576270648984,568.2321864622364
4904.715562201173,390.80644819609506
7758.868889684453,617.1467611435868
5934.870356282831,471.5096570743784
1224.1815432988337,125.78406928848393
7576.932065511329,602.2292805047398
4409.051812056765,352.0307474918868
561.4419367575974,82.36963370872924
1637.716104673666,151.52279756007368
1792.2995443177347,162.9994715381425
7217.944184265144,574.0446957754081
6180.281778252938,492.2314908721538
7382.253674312791,584.3381223590789
7783.435526803609,618.6328989833469
7172.609382007079,569.7271828622352
2383.5084582698146,203.95356134621548
8141.8672268140435,647.5069688864002
6919.290718238808,549.3687973815167
672.683942851422,89.21665251541174
670.683942851422,89.21665251541174
1547.3083848264007,145.939748813618
2455.4002460138986,210.41184412710936
3577.5134921801077,294.16213494888416
8374.422541278116,667.6113215725667
6266.138272945944,496.38520555277853
7840.879433533483,624.5231663505931
8660.555297703942,689.4497728898124
4619.7980575145975,369.9290121444304
4921.370916878341,393.5362737185988
376.3542129570469,65.54081995870608
379.3542129570469,65.54081995870608
771.8030972693568,97.5811537064502
773.8030972693568,97.5811537064502
4644.270541797686,372.5925775225126
4798.715238328165,383.9552209107115
5544.752459113212,439.30312203729625
2089.639078195814,184.25803183814887
9084.70231677617,725.0434799743119
3117.9461316125858,258.5569119618848
9790.486408393257,782.0318104806797
9636.90906647098,769.7715232858803
6237.338489879205,494.978862318795
4590.90384299856,367.1610947652855
1889.7631633592832,170.0046000310854
2414.458178051017,207.89349030341688
6402.940187534734,507.3179632692219
7343.011524217055,581.3437558081148
2507.0250750104506,213.2229617836743
9395.595851267897,750.2076447661403
6838.976613089144,540.6866522589605
4012.971518323777,325.361332855069
5451.370030651354,433.5225258739788
7602.659037612154,603.7385916913399
8492.177121679571,674.9185240634739
3654.404484113593,299.2129346645873
1059.0380570720567,118.34400531489635
2586.733749010083,220.23672931095902
7049.826641435761,558.0321410874848
7537.3809514223585,597.7498180401171
5504.12765296711,437.82695651129
6220.950212614346,493.6271757838847
7089.468102116123,561.0000346996992
3396.929108613035,281.9911570210428
3331.8133823945077,275.78672891331644
5274.580042752484,419.4531148189605
8600.944089450366,685.0487705891234
9774.425494385332,778.9583805859371
8786.940660583596,698.3174233356942
9754.261681180724,777.4059786627159
1072.785432146871,118.34400531489635
7801.713345471543,620.1292704066528
5288.069312698466,419.4531148189605
6240.905545948597,496.38520555277853
8043.706989306387,638.9003892462131
7123.400995656776,565.3551342032763
3226.865922896762,268.2202044167584
1925.4853946504832,172.71020836623225
5234.613393496427,416.665562158289
6137.2119799121565,486.73002899629216
9675.697009962654,772.8328881852802
1852.5704899648852,165.79797606426692
1331.1907907422367,132.80942368806458
3686.12607840942,300.5423663469157
4087.547519342983,332.1184279375308
2851.094968578192,239.51085148119765
3079.844747093326,258.5569119618848
6400.50808781244,507.3179632692219
1905.077324103623,171.34165618742355
7541.911023800802,597.7498180401171
2479.019067340329,211.7940018641494
7722.986079636535,612.6999878937435
7915.623259625676,630.2748807664635
2661.483882171895,225.38545392524642
8172.407944919577,651.7535469182346
8867.05760538077,707.1501449210358
4350.650199824608,350.656528416906
3869.6586143996096,314.61246780344766
6228.825850827028,493.6271757838847
2987.3333348211854,250.33929163196126
3105.3206595262295,258.5569119618848
9603.42627912517,765.2484213154792
6125.7178790234275,486.73002899629216
6130.882808537714,486.73002899629216
7184.887872625191,569.7271828622352
7737.4078737442105,614.20542453554
2498.6258908858135,213.2229617836743
2793.2174270334262,235.5725943166935
3133.250167465319,260.012553699447
5776.287000321751,457.71511517301286
4159.311468621816,337.34257242630014
737.7909018476913,96.00257738864784
5646.153955172041,449.10398355974075
5947.029687637891,472.8590864771286
2062.679013677135,181.59735340154924
3835.3818694998004,313.3400813022163
4823.550990840073,385.2927174253105
4723.411949018631,376.7296474014529
8051.05358953209,640.3656542001484
1855.0583569557232,165.79797606426692
8722.11714487305,695.3505848736781
7455.392921791724,591.768562288054
8935.137445781638,711.6585420623758
9244.880478852065,736.9234856111275
8918.748547796109,708.6596956650588
1356.9798524510763,134.83674111359323
2570.5365367584527,217.5821695596971
3852.667521184394,313.3400813022163
7814.785492288971,621.6119380986655
492.6114041031402,75.78276171828992
494.6114041031402,75.78276171828992
9032.73121049291,719.1128673089136
7072.502387195901,561.0000346996992
7068.650625832244,559.5183970859244
7305.5300689990945,581.3437558081148
7853.7884507120325,624.5231663505931
3731.8176970111695,304.3834070870243
6921.429650561978,549.3687973815167
7472.815801863599,591.768562288054
4947.877860729595,394.85459874921276
512.3968729205733,75.78276171828992
6584.970753988074,522.3710731890262
2099.4244424936865,184.25803183814887
1973.7952976046302,175.44284527071989
2688.325154884556,227.9621105845486
8261.368249481791,655.9659684062296
1020.9523248837721,116.36355724158396
5176.574129893944,413.89840384384064
4886.88509367758,389.38231471114557
6877.693576544296,545.0134015451285
6099.928712505723,483.93644992456046
7623.942018803994,605.2550313665596
1255.2088489362511,128.8235213549405
5635.009378886124,447.65960354605613
3561.720625953106,292.97401321992123
4947.648622778115,394.85459874921276
5793.258023846995,460.51104003069366
3675.932160764827,300.5423663469157
9530.437052078956,762.2521436470582
9522.112795817467,759.2238660805207
4694.448471558635,375.2997792877865
3528.6850066786383,291.81245000075046
3184.5112922738626,265.46411857378007
5100.210725814791,407.23323422282726
5835.607924366273,463.19302292805145
7529.992172992341,597.7498180401171
7891.062996439518,627.4113978417013
5385.292990711734,427.9077399808676
8295.051684820422,658.9006830456092
3732.640844409505,305.71735543732973
8837.005906537013,704.2334431448803
2019.1876560566461,180.51814429527937
2357.3732748510733,202.5887354604703
6284.523727518343,499.12408478280827
3462.5309409767706,285.78006343814167
1957.7541449697148,174.06274014534222
4548.699857842548,364.4721625899959
8772.543879622197,696.8060046536582
9183.923183505272,732.4305116126967
9697.228888832087,774.338921867666
8376.422541278116,667.6113215725667
6719.497052769552,532.1672630956502
2263.666145023368,197.771369443679
1818.5173177019278,162.9994715381425
3437.457483784946,284.5732216297176
4980.5468139022705,396.2553028625812
2618.137851079467,224.04887844425744
8569.462646868524,683.6087476433332
4999.312582373163,397.6912374376294
2595.7577910170103,222.86148312028243
2792.252905502959,234.3220729137204
6020.131574241181,478.42126769526897
2042.5441913552552,181.59735340154924
6286.802589052497,500.45783521845203
8542.31398970058,680.7491234620907
2141.004000571834,189.3767672544849
6978.927826849922,552.2505785630683
7155.805852868528,566.7986495924209
1901.8231131297875,170.0046000310854
5604.020859125805,446.28127873421124
284.48910334201383,60.86900143416532
287.48910334201383,62.22452471005465
8318.889475282864,661.808984188105
9810.357227495371,782.0318104806797
9991.89433358148,797.4167277935541
3745.1148254876425,305.71735543732973
5912.773220778695,468.6922574327519
3327.304850314723,275.78672891331644
2240.650078569801,195.3566190870432
6006.341604316889,477.04485724372086
8780.728769489786,698.3174233356942
5059.072380965712,404.6231243200625
5705.644090996719,453.3248687469827
7043.191260652911,558.0321410874848
2591.587640709713,221.64910814430587
4756.959953004381,378.1885472113164
8760.700035390859,696.8060046536582
8855.642318740569,705.684993432736
7603.744862243658,603.7385916913399
189.93597817183166,49.74098702089263
8132.939167180514,646.0580851749146
6693.163366942477,530.7661132286397
3096.2762319206568,258.5569119618848
8844.48824414098,705.684993432736
9658.007400231183,771.2987606510214
192.93597817183166,49.74098702089263
8313.365740031093,661.808984188105
2101.6625525091317,184.25803183814887
794.4629635990616,99.10667281386458
2737.2896151662085,231.86782078358215
3008.8095227633767,250.33929163196126
6391.0169297491375,505.90438981385347
2738.455418307802,231.86782078358215
9804.384236591271,782.0318104806797
2362.304431880666,202.5887354604703
3929.408946307369,318.62980063119335
5710.868514568653,453.3248687469827
448.440109435173,74.02140865372084
450.440109435173,74.02140865372084
4867.362537581557,389.38231471114557
4990.895387517924,397.6912374376294
157.32077122541403,42.17664797488508
159.32077122541403,42.17664797488508
6548.022530368706,521.0015213608045
932.4859558391408,109.66420148552965
8285.513921236072,658.9006830456092
376.5424989763311,65.54081995870608
378.5424989763311,65.54081995870608
4416.954436721579,354.9073516421575
5984.602997057799,475.63691177941035
6894.54719759708,546.4813780267027
9478.17146541817,757.691975984929
1978.5951587580673,175.44284527071989
2492.6572426286384,211.7940018641494
2877.458959882436,240.8932892565536
4064.165781151184,329.44580925616214
9921.322532670725,794.3385923495987
6318.037854843637,501.79194950057706
4305.904832150613,346.489610030638
811.5474449827808,100.7938615154618
4084.296298664213,329.44580925616214
5029.790712707752,401.8904740547902
6185.663130772977,492.2314908721538
5478.646586421334,434.97570706320215
6733.369961151192,532.1672630956502
7363.335799975348,582.8414256691361
8933.137445781638,711.6585420623758
998.9005090339526,115.55365229568842
9246.880478852065,736.9234856111275
3906.8659126387197,315.9956586830652
775.9530211397081,97.5811537064502
8916.748547796109,708.6596956650588
8883.125472774374,707.1501449210358
3252.192333191243,270.87441325172705
3998.06696854068,322.6388748616113
9936.155306043494,794.3385923495987
9034.73121049291,719.1128673089136
3615.3667774863193,296.7187163802387
5194.798707891134,413.89840384384064
5229.679741029518,416.665562158289
5577.820782932144,444.9075928463077
10003.510019017529,800.4704125679968
7291.745919369788,578.4054812366309
8147.822127545426,648.9128830125314
9046.587354343745,719.1128673089136
7188.0093671112545,569.7271828622352
1345.6934175130611,133.65242442632982
787.6848644370598,99.10667281386458
789.6848644370598,99.10667281386458
6807.8879590283905,540.6866522589605
7751.2035424601945,615.6988602165708
8640.468238384905,686.4944845238751
6834.985644414149,540.6866522589605
3670.998304266697,299.2129346645873
3819.5562486413482,312.07902459962753
155.63563886376758,42.17664797488508
158.63563886376758,42.17664797488508
8763.700035390859,696.8060046536582
5617.065116470653,446.28127873421124
8692.701459131526,690.940429175928
3478.883592533656,288.2657264693281
6067.2596451283125,482.571794530996
8929.642169088034,711.6585420623758
9884.335721907793,789.720496645365
8132.655312596762,646.0580851749146
2653.892095562839,225.38545392524642
9952.374677781401,795.8750101360657
2081.601314990006,182.89246794243005
3916.10591217128,317.36608993890496
7743.017883518457,614.20542453554
6615.4334354175035,525.137042195499
6799.137124722897,540.6866522589605
4790.403005838602,382.4884295690691
9403.713530520317,751.6845571003175
3817.794690351909,310.82251711106977
5764.283871364409,457.71511517301286
6059.098119774967,482.571794530996
9489.96761488895,757.691975984929
5247.207427195056,416.665562158289
6950.999066016153,550.7838931664703
7409.584237917521,588.7842993081207
3514.559916942115,290.6277879864891
7707.832401595612,612.6999878937435
5367.579039439941,425.0840929579687
2471.9673609840493,211.7940018641494
2201.5266863320808,192.91378879498046
8839.005906537013,704.2334431448803
6823.593382894456,540.6866522589605
1198.201527686348,124.60553387835311
1885.9279532564815,168.60501790350295
2247.7052115690617,195.3566190870432
3213.4411953579856,266.9245560341363
5494.734899482032,436.37901779048843
2314.331454338166,201.395319099918
6268.138272945944,497.72451943144785
1424.9088728596182,138.1421981061515
4621.7980575145975,369.9290121444304
3617.113952468254,296.7187163802387
8098.597629841867,644.6144149846067
8571.462646868524,683.6087476433332
6247.6722671657835,496.38520555277853
6272.085468719823,499.12408478280827
1870.2646398885274,167.21031751692718
3167.8206097824072,265.46411857378007
9114.701709219064,726.5062314179485
1370.5933159278586,135.64860535431438
3783.057180161309,309.5691365982843
1871.3752489370384,168.60501790350295
6699.548968795588,532.1672630956502
791.4956977155089,99.10667281386458
1244.9722701183102,128.8235213549405
6404.940187534734,507.3179632692219
9989.89433358148,797.4167277935541
7166.077354378648,568.2321864622364
1213.26007421273,125.78406928848393
3801.974670641932,309.5691365982843
35.685924161267046,21.667768262558383
8097.290831562064,644.6144149846067
4000.585599701802,322.6388748616113
5781.32991284444,459.0783639830931
6363.45990228147,505.90438981385347
3542.325980889528,291.81245000075046
3766.497347441233,306.98203272019055
2812.786491201547,236.9146625215162
7058.170331360293,559.5183970859244
360.4356266335899,63.56988436819859
363.4356266335899,65.54081995870608
1612.4457596881452,148.8386204897214
9814.063371536773,782.0318104806797
8853.642318740569,705.684993432736
6516.918841961924,518.2651543173899
1452.3933739790457,140.37855780726235
857.0911694044173,106.26906004419332
4424.981436050244,354.9073516421575
1645.2870173696183,154.15954988644663
4648.611916300706,372.5925775225126
6529.858143289555,518.2651543173899
3137.7120841974706,261.4417074633592
3888.7939270997203,314.61246780344766
8115.662295006896,646.0580851749146
4270.811243246788,342.46095948210865
9241.615187585196,736.9234856111275
5472.86931221711,433.5225258739788
8126.3517026701265,646.0580851749146
1852.7528476093544,165.79797606426692
2848.094968578192,239.51085148119765
7875.876682825574,627.4113978417013
981.7823229008811,115.55365229568842
5877.851808918775,465.95546853415453
7419.88085726122,588.7842993081207
3296.7087537159546,275.78672891331644
6110.375295389538,485.3011089482747
9962.581704391701,795.8750101360657
6778.781038766191,537.9091820410769
9641.512607964116,771.2987606510214
9852.168195190072,788.1699383105656
9132.85902257972,726.5062314179485
9061.570860861837,722.0839234658984
7622.977020995143,605.2550313665596
8219.992861654038,655.9659684062296
5880.125424112821,467.29173583991036
7953.286786975071,633.1350529300183
1008.5309375470221,115.55365229568842
1010.5309375470221,115.55365229568842
9545.623170427021,763.7452818366304
5367.298210247781,425.0840929579687
5014.164355451327,399.12608207981015
3367.090150199289,280.7838288994034
3750.493939867713,305.71735543732973
1264.6260656337656,128.8235213549405
2776.6848685568066,234.3220729137204
1575.5656288829102,145.939748813618
9476.17146541817,757.691975984929
8567.044638551797,683.6087476433332
5692.8730715438805,450.47254245903144
3198.4624398859814,265.46411857378007
9686.21664351185,774.338921867666
3346.8578812134433,278.292580658408
877.5397243572476,107.27280467842436
9818.381747587997,783.5846121238359
2960.7298216825507,246.08104619600908
7686.718265572627,609.7301291740134
9829.990939987445,785.1021244891848
2155.4630770366857,190.59121546520197
5478.124879900504,434.97570706320215
9117.701709219064,726.5062314179485
9151.68885012585,728.009109645556
2343.0896454815056,202.5887354604703
7399.6282153119655,585.8387380204953
6682.636606088972,529.3165030496918
9064.09785483606,722.0839234658984
3022.8794158643213,251.82369312814708
1888.4027650794778,170.0046000310854
3900.421664497141,315.9956586830652
8394.132333857777,669.0663780768413
2429.1849493986683,209.16168911931587
1313.2720261983125,132.80942368806458
472.1413359058408,74.88538031810917
474.1413359058408,75.78276171828992
3718.8480460420415,303.13237052021174
4364.962104975923,350.656528416906
6930.38031446206,549.3687973815167
5178.574129893944,413.89840384384064
9585.642379022831,765.2484213154792
2494.2005890348732,211.7940018641494
5679.538411040851,450.47254245903144
1819.853708835516,164.4183601286071
4884.88509367758,389.38231471114557
7621.942018803994,603.7385916913399
8109.706650537482,646.0580851749146
8777.728769489786,696.8060046536582
1595.7646728395364,147.40421624475044
2292.1846903219684,200.24322273429786
689.8620005944043,93.33566746204315
7829.8765386379555,623.0315847686503
3781.8215954598404,308.32129446397454
5736.098779026297,454.77534356987246
7074.561009057388,561.0000346996992
9631.412590980037,768.2814580847198
8690.701459131526,690.940429175928
9603.540513590342,766.7501071466099
2974.7304208644414,248.89642109814716
9297.156672565168,741.3637366434062
2183.214001232887,192.91378879498046
920.5995314795626,109.66420148552965
922.5995314795626,109.66420148552965
7562.1551192070365,600.7170242156922
4692.448471558635,375.2997792877865
529.7046837215978,79.2666253720581
531.7046837215978,79.2666253720581
5102.210725814791,407.23323422282726
9405.713530520317,751.6845571003175
4011.953310486089,324.05195863499836
2387.075721242954,205.31996660897886
7889.062996439518,627.4113978417013
9066.68726751379,723.5888984765678
7793.73130010653,618.6328989833469
1749.00415323455,160.68862230215785
3835.357647885324,312.07902459962753
5931.870356282831,470.0975123336176
4337.743829255213,347.84939992029774
7704.832401595612,612.6999878937435
1904.4393610922207,170.0046000310854
4065.0065369554845,329.44580925616214
1407.4507915470451,138.1421981061515
3644.2342671462607,299.2129346645873
2403.928259707729,207.89349030341688
9668.880034890128,771.2987606510214
4937.343106203327,394.85459874921276
2956.0865641018454,246.08104619600908
8163.608884420835,651.7535469182346
231.8392428848248,55.190167801885835
6177.281778252938,489.50386470039973
234.8392428848248,57.220013607115376
4550.699857842548,364.4721625899959
3357.273012026725,279.6137286313949
344.2609034386085,63.56988436819859
346.2609034386085,63.56988436819859
4710.5576701601385,375.2997792877865
1516.3842668413797,144.79796688768903
3243.0976364674825,269.66280740050433
3417.8345016984126,283.20747303464543
1698.6227918058457,155.55985371666074
2465.7615117329915,211.7940018641494
4795.715238328165,382.4884295690691
5289.4407379970635,419.4531148189605
9235.31891230027,735.451829049577
3050.1032548965704,254.56374039282832
8071.056016586302,643.2088848427736
3096.1945104273673,258.5569119618848
4107.15812457722,332.1184279375308
4721.760851578963,376.7296474014529
5445.067920034761,433.5225258739788
8902.485367662222,707.1501449210358
9977.45846347326,795.8750101360657
2644.848448358523,224.04887844425744
2963.840192530782,246.08104619600908
8356.462141943704,666.1517755489745
2870.3941980384525,240.8932892565536
6835.976613089144,540.6866522589605
2006.1230704747375,179.20414403050387
252.04105235591544,59.23617340574771
254.04105235591544,59.23617340574771
935.2018393853878,109.66420148552965
6360.45990228147,504.5174758456448
7052.826641435761,559.5183970859244
7540.3809514223585,597.7498180401171
8246.459816127099,655.9659684062296
6217.950212614346,492.2314908721538
1534.3183335791316,144.79796688768903
8422.203361605612,669.0663780768413
1836.7465023905845,165.79797606426692
6004.341604316889,477.04485724372086
283.42404340780536,60.86900143416532
2924.6502922815625,246.08104619600908
5057.072380965712,404.6231243200625
5895.358921925329,468.6922574327519
828.3928922007832,103.63285145551505
7041.191260652911,558.0321410874848
8231.665568626,655.9659684062296
8199.78674228415,654.555471157464
4984.24606840508,396.2553028625812
7439.052928216226,590.2597561204462
512.1217548983522,75.78276171828992
199.29310410769602,49.74098702089263
2004.5412611744925,179.20414403050387
202.29310410769602,52.8675340270301
6418.849951754052,508.6945175884046
3187.057500201375,265.46411857378007
6695.163366942477,530.7661132286397
6951.836230306554,550.7838931664703
8112.662295006896,646.0580851749146
8906.69502527167,708.6596956650588
3979.229721967837,321.2668253249635
5475.86931221711,433.5225258739788
9215.543001428601,733.9397245014159
7872.876682825574,627.4113978417013
9430.633145712147,751.6845571003175
2125.878229322259,188.20730566371032
5693.747013475647,450.47254245903144
2701.3481054750932,229.3433652356833
6389.0169297491375,505.90438981385347
7918.623259625676,631.7287380269318
5458.840651521562,433.5225258739788
7416.88085726122,588.7842993081207
9964.581704391701,795.8750101360657
1834.6982872737208,165.79797606426692
5708.868514568653,453.3248687469827
9850.168195190072,788.1699383105656
7728.253284441576,614.20542453554
9130.85902257972,726.5062314179485
5494.456396732072,436.37901779048843
3597.295380533765,295.4325203810869
4663.46246112765,373.9558002123603
4865.362537581557,389.38231471114557
8496.50527377927,674.9185240634739
8026.693764857582,637.4464997584455
8739.548459148087,695.3505848736781
4968.010349553079,396.2553028625812
5364.298210247781,425.0840929579687
2044.5763531692576,181.59735340154924
7740.4078737442105,614.20542453554
3413.6815473687357,281.9911570210428
6969.829160281527,552.2505785630683
8622.912717250474,686.4944845238751
5695.8730715438805,451.91697904076557
6316.037854843637,501.79194950057706
4307.904832150613,346.489610030638
9005.966521821807,717.6267603647989
8048.05358953209,638.9003892462131
2329.7178717386155,202.5887354604703
6187.663130772977,492.2314908721538
9816.381747587997,782.0318104806797
7361.335799975348,582.8414256691361
7452.392921791724,591.768562288054
1788.9723041271657,162.9994715381425
3446.0641991660455,284.5732216297176
1227.457671324112,126.91097383819314
4734.524563512052,376.7296474014529
6504.710581764513,516.8990602989439
1089.7825774831765,120.51104881430385
4925.499307420176,394.85459874921276
5231.679741029518,416.665562158289
3979.762784950867,322.6388748616113
4189.962119627539,338.6216511154154
8344.767442707001,664.7056280496896
9813.357227495371,782.0318104806797
1255.8335374972228,128.8235213549405
7190.0093671112545,569.7271828622352
6321.064801720979,501.79194950057706
1205.2637704677984,124.60553387835311
5517.378443685214,437.82695651129
7475.815801863599,593.3007294300871
4944.877860729595,394.85459874921276
8392.132333857777,669.0663780768413
5326.988065183325,423.63433371789233
1276.4548384518873,129.69013481031894
9510.846202752027,757.691975984929
1468.193343553967,141.3693088337038
6805.8879590283905,540.6866522589605
915.3468873773692,109.66420148552965
755.1203418444638,96.00257738864784
9560.614055489623,763.7452818366304
5024.9757241025745,401.8904740547902
5619.065116470653,446.28127873421124
5858.3394771949725,465.95546853415453
2541.381136367263,216.1457994120978
1402.7270144850054,138.1421981061515
9532.437052078956,762.2521436470582
2725.01577189642,230.6831279659554
9524.112795817467,759.2238660805207
9222.06526312513,733.9397245014159
1809.3382018149784,162.9994715381425
1938.4560377996863,172.71020836623225
3764.0168428672805,305.71735543732973
2368.315058061856,203.95356134621548
9212.543001428601,732.4305116126967
2735.8723899770607,230.6831279659554
9920.91909621426,794.3385923495987
3885.331561305469,314.61246780344766
6057.098119774967,482.571794530996
7411.584237917521,588.7842993081207
1221.1815432988337,125.78406928848393
4698.347082234904,375.2997792877865
1110.1985305564392,122.45345336619548
7146.276585406591,566.7986495924209
1640.716104673666,153.01405816743497
1561.4436883057956,145.939748813618
6821.593382894456,540.6866522589605
8499.50527377927,676.4083243898701
9670.880034890128,771.2987606510214
3563.1009226056926,292.97401321992123
8282.513921236072,657.4305806319187
8770.543879622197,696.8060046536582
6840.799820566091,542.1373490228494
7525.489926480085,597.7498180401171
2453.4002460138986,209.16168911931587
5965.444994302843,474.27167400203064
1144.5257756371227,123.89850000839567
6716.497052769552,532.1672630956502
2512.709635914672,213.2229617836743
2834.2559821284035,239.51085148119765
2077.7576726145408,182.89246794243005
5494.798385149577,436.37901779048843
9233.31891230027,735.451829049577
2091.639078195814,184.25803183814887
8886.125472774374,707.1501449210358
2553.241620647834,216.1457994120978
5637.627491629172,447.65960354605613
3853.9237158882506,314.61246780344766
7286.813713835193,578.4054812366309
7988.040484385113,635.9966440775952
3119.9461316125858,258.5569119618848
2646.897731321109,224.04887844425744
5402.1013046042435,430.70396810035186
4084.6052699652455,329.44580925616214
9737.44878117475,777.4059786627159
9979.45846347326,797.4167277935541
248.5735025663132,57.220013607115376
251.5735025663132,59.23617340574771
7705.138509330199,612.6999878937435
9043.587354343745,719.1128673089136
2412.458178051017,207.89349030341688
8358.462141943704,666.1517755489745
2704.5802864718007,229.3433652356833
6106.698565956341,485.3011089482747
972.8621141684085,114.74739455264397
5915.773220778695,468.6922574327519
9720.624755325198,777.4059786627159
2034.523957046507,181.59735340154924
7056.170331360293,559.5183970859244
3398.929108613035,281.9911570210428
3329.8133823945077,275.78672891331644
8229.665568626,655.9659684062296
778.1473912323538,99.10667281386458
6420.181095251681,508.6945175884046
8197.78674228415,653.1536557892839
1959.0477220162923,174.06274014534222
3956.9359844941137,321.2668253249635
4759.959953004381,379.65510400695285
2525.693227901441,214.67820904180377
8135.939167180514,647.5069688864002
9881.335721907793,788.1699383105656
1763.940022527579,161.87115431441416
6531.858143289555,518.2651543173899
1849.5704899648852,165.79797606426692
2440.8249617684287,209.16168911931587
2445.720804988566,209.16168911931587
3910.0879949162463,317.36608993890496
5821.218962360102,463.19302292805145
954.4004037485736,112.493965604581
8124.3517026701265,646.0580851749146
9698.195946243957,774.338921867666
9428.633145712147,751.6845571003175
4000.433622752826,322.6388748616113
5879.851808918775,465.95546853415453
6085.099569389378,483.93644992456046
9802.384236591271,782.0318104806797
1034.3802320480736,118.34400531489635
7672.9760810862845,609.7301291740134
8472.967741324406,674.9185240634739
9492.96761488895,757.691975984929
75.87623240096832,21.667768262558383
78.87623240096832,21.667768262558383
2060.8062897199825,181.59735340154924
2343.7262888695204,202.5887354604703
2985.3333348211854,250.33929163196126
5664.931473283736,450.47254245903144
8190.307467179187,653.1536557892839
1015.7013548253188,116.36355724158396
2560.3765737714475,217.5821695596971
297.51199923225306,61.99581699431871
8737.548459148087,695.3505848736781
6567.009949603177,522.3710731890262
6378.788444478757,505.90438981385347
7343.367629274004,581.3437558081148
461.18572441126645,74.88538031810917
463.18572441126645,74.88538031810917
1963.7594768686763,175.44284527071989
2496.6258908858135,211.7940018641494
7034.00932911181,556.5522469895897
9250.437644658014,738.4364706912675
